host_guid,host_species,host_genus,part_name,part_id,part_remark,preservation,condition,part_count,parsed_flea_count,parsed_mite_count,parsed_tick_count,parsed_louse_count,parsed_nematode_count,parsed_cestode_count,parsed_trematode_count
KSB:Mamm:2,Sigmodon hispidus,Sigmodon,ectoparasite,https://arctos.database.museum/guid/KSB:Mamm:2/PID31956750,lice,ethanol 95%,good,3,,,,,,,
KSB:Mamm:2,Sigmodon hispidus,Sigmodon,endoparasite,https://arctos.database.museum/guid/KSB:Mamm:2/PID31956751,nematode,ethanol 95%,good,1,,,,,,,
KSB:Mamm:11,Neotoma floridana,Neotoma,ectoparasite,https://arctos.database.museum/guid/KSB:Mamm:11/PID32366905,,ethanol 80%,excellent,1,,,,,,,
KSB:Mamm:28,Peromyscus leucopus,Peromyscus,ectoparasite,https://arctos.database.museum/guid/KSB:Mamm:28/PID32367005,,ethanol 80%,excellent,1,,,,,,,
KSB:Mamm:29,Peromyscus leucopus,Peromyscus,ectoparasite,https://arctos.database.museum/guid/KSB:Mamm:29/PID32367013,,ethanol 80%,excellent,1,,,,,,,
KSB:Mamm:30,Peromyscus leucopus,Peromyscus,ectoparasite,https://arctos.database.museum/guid/KSB:Mamm:30/PID32367021,,ethanol 80%,excellent,1,,,,,,,
KSB:Mamm:32,Peromyscus leucopus,Peromyscus,ectoparasite,https://arctos.database.museum/guid/KSB:Mamm:32/PID32367036,,ethanol 80%,excellent,1,,,,,,,
KSB:Mamm:33,Peromyscus leucopus,Peromyscus,ectoparasite,https://arctos.database.museum/guid/KSB:Mamm:33/PID32367044,,ethanol 80%,excellent,1,,,,,,,
KSB:Mamm:39,Peromyscus leucopus,Peromyscus,ectoparasite,https://arctos.database.museum/guid/KSB:Mamm:39/PID32367079,,ethanol 80%,excellent,1,,,,,,,
KSB:Mamm:39,Peromyscus leucopus,Peromyscus,endoparasite,https://arctos.database.museum/guid/KSB:Mamm:39/PID32367080,,ethanol 80%,excellent,1,,,,,,,
KSB:Mamm:40,Peromyscus leucopus,Peromyscus,ectoparasite,https://arctos.database.museum/guid/KSB:Mamm:40/PID32367088,,ethanol 80%,excellent,1,,,,,,,
KSB:Mamm:41,Didelphis virginiana,Didelphis,ectoparasite,https://arctos.database.museum/guid/KSB:Mamm:41/PID32367096,,ethanol 80%,good,1,,,,,,,
KSB:Mamm:42,Didelphis virginiana,Didelphis,ectoparasite,https://arctos.database.museum/guid/KSB:Mamm:42/PID32367104,ticks,ethanol 95%,good,1,,,,,,,
KSB:Mamm:55,Peromyscus leucopus,Peromyscus,ectoparasite,https://arctos.database.museum/guid/KSB:Mamm:55/PID32367192,,ethanol 80%,excellent,1,,,,,,,
KSB:Mamm:57,Peromyscus leucopus,Peromyscus,ectoparasite,https://arctos.database.museum/guid/KSB:Mamm:57/PID32367207,,ethanol 80%,excellent,1,,,,,,,
KSB:Mamm:58,Peromyscus leucopus,Peromyscus,endoparasite,https://arctos.database.museum/guid/KSB:Mamm:58/PID32367213,,ethanol 95%,very good,1,,,,,,,
KSB:Mamm:70,Sigmodon hispidus,Sigmodon,ectoparasite,https://arctos.database.museum/guid/KSB:Mamm:70/PID32367289,,ethanol 95%,very good,1,,,,,,,
KSB:Mamm:72,Peromyscus leucopus,Peromyscus,endoparasite,https://arctos.database.museum/guid/KSB:Mamm:72/PID32367302,,ethanol 95%,excellent,1,,,,,,,
KSB:Mamm:73,Neotoma floridana,Neotoma,ectoparasite,https://arctos.database.museum/guid/KSB:Mamm:73/PID32367310,,ethanol 80%,excellent,1,,,,,,,
KSB:Mamm:74,Peromyscus leucopus,Peromyscus,ectoparasite,https://arctos.database.museum/guid/KSB:Mamm:74/PID32367318,,ethanol 80%,excellent,1,,,,,,,
KSB:Mamm:75,Peromyscus leucopus,Peromyscus,ectoparasite,https://arctos.database.museum/guid/KSB:Mamm:75/PID32367326,,ethanol 80%,excellent,1,,,,,,,
KSB:Mamm:76,Neotoma floridana,Neotoma,ectoparasite,https://arctos.database.museum/guid/KSB:Mamm:76/PID32367334,,ethanol 80%,excellent,1,,,,,,,
KSB:Mamm:78,Peromyscus leucopus,Peromyscus,ectoparasite,https://arctos.database.museum/guid/KSB:Mamm:78/PID32367347,,ethanol 80%,excellent,1,,,,,,,
KSB:Mamm:92,Peromyscus leucopus,Peromyscus,ectoparasite,https://arctos.database.museum/guid/KSB:Mamm:92/PID32367426,,ethanol 95%,good,1,,,,,,,
KSB:Mamm:93,Peromyscus leucopus,Peromyscus,ectoparasite,https://arctos.database.museum/guid/KSB:Mamm:93/PID32367434,,ethanol 80%,excellent,1,,,,,,,
KSB:Mamm:99,Peromyscus leucopus,Peromyscus,ectoparasite,https://arctos.database.museum/guid/KSB:Mamm:99/PID32367469,,ethanol 80%,excellent,1,,,,,,,
KSB:Mamm:99,Peromyscus leucopus,Peromyscus,endoparasite,https://arctos.database.museum/guid/KSB:Mamm:99/PID32367470,,ethanol 95%,ecellent,1,,,,,,,
KSB:Mamm:101,Sigmodon hispidus,Sigmodon,ectoparasite,https://arctos.database.museum/guid/KSB:Mamm:101/PID32367483,,ethanol 80%,excellent,1,,,,,,,
KSB:Mamm:107,Sigmodon hispidus,Sigmodon,ectoparasite,https://arctos.database.museum/guid/KSB:Mamm:107/PID32367517,,ethanol 80%,excellent,1,,,,,,,
KSB:Mamm:110,Chaetodipus hispidus,Chaetodipus,ectoparasite,https://arctos.database.museum/guid/KSB:Mamm:110/PID32367534,,ethanol 95%,good,1,,,,,,,
KSB:Mamm:127,Sigmodon hispidus,Sigmodon,ectoparasite,https://arctos.database.museum/guid/KSB:Mamm:127/PID32367624,,ethanol 95%,good,1,,,,,,,
KSB:Mamm:131,Sigmodon hispidus,Sigmodon,ectoparasite,https://arctos.database.museum/guid/KSB:Mamm:131/PID32367647,,ethanol 95%,good,1,,,,,,,
KSB:Mamm:133,Peromyscus leucopus,Peromyscus,ectoparasite,https://arctos.database.museum/guid/KSB:Mamm:133/PID32367662,,ethanol 80%,excellent,1,,,,,,,
KSB:Mamm:135,Peromyscus leucopus,Peromyscus,ectoparasite,https://arctos.database.museum/guid/KSB:Mamm:135/PID32367677,,ethanol 80%,good,1,,,,,,,
KSB:Mamm:137,Peromyscus leucopus,Peromyscus,ectoparasite,https://arctos.database.museum/guid/KSB:Mamm:137/PID32367692,,ethanol 80%,excellent,1,,,,,,,
KSB:Mamm:137,Peromyscus leucopus,Peromyscus,endoparasite,https://arctos.database.museum/guid/KSB:Mamm:137/PID32367693,,ethanol 80%,excellent,1,,,,,,,
KSB:Mamm:140,Peromyscus leucopus,Peromyscus,ectoparasite,https://arctos.database.museum/guid/KSB:Mamm:140/PID32367713,,ethanol 80%,excellent,1,,,,,,,
KSB:Mamm:146,Peromyscus leucopus,Peromyscus,ectoparasite,https://arctos.database.museum/guid/KSB:Mamm:146/PID32367753,,ethanol 80%,excellent,1,,,,,,,
KSB:Mamm:148,,Peromyscus,endoparasite,https://arctos.database.museum/guid/KSB:Mamm:148/PID32367768,,ethanol 95%,excellent,1,,,,,,,
KSB:Mamm:149,Peromyscus leucopus,Peromyscus,ectoparasite,https://arctos.database.museum/guid/KSB:Mamm:149/PID32367776,,ethanol 80%,excellent,1,,,,,,,
KSB:Mamm:176,Sigmodon hispidus,Sigmodon,ectoparasite,https://arctos.database.museum/guid/KSB:Mamm:176/PID32367941,,ethanol 95%,good,1,,,,,,,
KSB:Mamm:182,Neotoma floridana,Neotoma,ectoparasite,https://arctos.database.museum/guid/KSB:Mamm:182/PID32367979,,ethanol 80%,good,1,,,,,,,
KSB:Mamm:221,Sigmodon hispidus,Sigmodon,ectoparasite,https://arctos.database.museum/guid/KSB:Mamm:221/PID32368160,,ethanol 95%,fair,1,,,,,,,
KSB:Mamm:234,Peromyscus leucopus,Peromyscus,ectoparasite,https://arctos.database.museum/guid/KSB:Mamm:234/PID32368209,botfly,ethanol 95%,good,1,,,,,,,
KSB:Mamm:238,Sigmodon hispidus,Sigmodon,ectoparasite,https://arctos.database.museum/guid/KSB:Mamm:238/PID32368229,,ethanol 80%,fair,2,,,,,,,
KSB:Mamm:241,Peromyscus leucopus,Peromyscus,ectoparasite,https://arctos.database.museum/guid/KSB:Mamm:241/PID32368241,,ethanol 80%,excellent,3,,,,,,,
KSB:Mamm:245,Peromyscus leucopus,Peromyscus,ectoparasite,https://arctos.database.museum/guid/KSB:Mamm:245/PID32368268,,ethanol 80%,excellent,1,,,,,,,
KSB:Mamm:246,Peromyscus leucopus,Peromyscus,ectoparasite,https://arctos.database.museum/guid/KSB:Mamm:246/PID32368276,,ethanol 80%,excellent,2,,,,,,,
KSB:Mamm:251,Peromyscus leucopus,Peromyscus,ectoparasite,https://arctos.database.museum/guid/KSB:Mamm:251/PID32368304,,ethanol 80%,excellent,1,,,,,,,
KSB:Mamm:284,Neotoma floridana,Neotoma,ectoparasite,https://arctos.database.museum/guid/KSB:Mamm:284/PID32368462,botfly found in chest,ethanol 95%,very good,1,,,,,,,
KSB:Mamm:284,Neotoma floridana,Neotoma,ectoparasite,https://arctos.database.museum/guid/KSB:Mamm:284/PID32368463,botfly found in chest,ethanol 95%,very good,1,,,,,,,
KSB:Mamm:289,Peromyscus leucopus,Peromyscus,endoparasite,https://arctos.database.museum/guid/KSB:Mamm:289/PID32368479,verbatim location: cecum,ethanol 95%,excellent,2,,,,,,,
KSB:Mamm:291,Blarina carolinensis,Blarina,endoparasite,https://arctos.database.museum/guid/KSB:Mamm:291/PID32368489,,ethanol 80%,good,1,,,,,,,
KSB:Mamm:329,Blarina carolinensis,Blarina,endoparasite,https://arctos.database.museum/guid/KSB:Mamm:329/PID32368614,,ethanol 80%,good,1,,,,,,,
KSB:Mamm:369,Peromyscus maniculatus,Peromyscus,ectoparasite,https://arctos.database.museum/guid/KSB:Mamm:369/PID32368756,,ethanol 95%,good,1,,,,,,,
KSB:Mamm:443,Blarina carolinensis,Blarina,endoparasite,https://arctos.database.museum/guid/KSB:Mamm:443/PID32369053,,ethanol 80%,fair,1,,,,,,,
KSB:Mamm:445,Blarina carolinensis,Blarina,endoparasite,https://arctos.database.museum/guid/KSB:Mamm:445/PID32369063,,ethanol 80%,good,1,,,,,,,
KSB:Mamm:461,Blarina carolinensis,Blarina,endoparasite,https://arctos.database.museum/guid/KSB:Mamm:461/PID32369151,,ethanol 80%,good,1,,,,,,,
KSB:Mamm:481,Blarina carolinensis,Blarina,endoparasite,https://arctos.database.museum/guid/KSB:Mamm:481/PID32369214,,ethanol 80%,good,1,,,,,,,
KSB:Mamm:673,Peromyscus leucopus,Peromyscus,ectoparasite,https://arctos.database.museum/guid/KSB:Mamm:673/PID32369710,,ethanol 95%,good,1,,,,,,,
KSB:Mamm:673,Peromyscus leucopus,Peromyscus,endoparasite,https://arctos.database.museum/guid/KSB:Mamm:673/PID32369711,,ethanol 95%,good,1,,,,,,,
KSB:Mamm:677,Peromyscus maniculatus,Peromyscus,ectoparasite,https://arctos.database.museum/guid/KSB:Mamm:677/PID32369740,1 botfly,ethanol 95%,good,1,,,,,,,
KSB:Mamm:678,Sigmodon hispidus,Sigmodon,ectoparasite,https://arctos.database.museum/guid/KSB:Mamm:678/PID32369748,1 tick,ethanol 95%,good,1,,,1.0,,,,
KSB:Mamm:679,Sigmodon hispidus,Sigmodon,ectoparasite,https://arctos.database.museum/guid/KSB:Mamm:679/PID32369765,ticks,ethanol 90%,good,1,,,,,,,
KSB:Mamm:680,Sigmodon hispidus,Sigmodon,ectoparasite,https://arctos.database.museum/guid/KSB:Mamm:680/PID32369774,5 mites,ethanol 95%,good,5,,5.0,,,,,
KSB:Mamm:698,Sigmodon hispidus,Sigmodon,ectoparasite,https://arctos.database.museum/guid/KSB:Mamm:698/PID32369903,2 ticks,ethanol 95%,good,1,,,2.0,,,,
KSB:Mamm:699,Sigmodon hispidus,Sigmodon,ectoparasite,https://arctos.database.museum/guid/KSB:Mamm:699/PID32369911,ticks,ethanol 90%,good,1,,,,,,,
KSB:Mamm:700,Peromyscus leucopus,Peromyscus,ectoparasite,https://arctos.database.museum/guid/KSB:Mamm:700/PID32369919,2 botflies,ethanol 95%,good,1,,,,,,,
KSB:Mamm:706,Peromyscus leucopus,Peromyscus,ectoparasite,https://arctos.database.museum/guid/KSB:Mamm:706/PID32369948,Mangey,ethanol 80%,excellent,1,,,,,,,
KSB:Mamm:707,Peromyscus leucopus,Peromyscus,ectoparasite,https://arctos.database.museum/guid/KSB:Mamm:707/PID32369954,,ethanol 80%,excellent,4,,,,,,,
KSB:Mamm:709,Peromyscus leucopus,Peromyscus,ectoparasite,https://arctos.database.museum/guid/KSB:Mamm:709/PID32369965,,ethanol 80%,excellent,9,,,,,,,
KSB:Mamm:710,Peromyscus leucopus,Peromyscus,ectoparasite,https://arctos.database.museum/guid/KSB:Mamm:710/PID32369971,,ethanol 80%,excellent,2,,,,,,,
KSB:Mamm:713,Peromyscus leucopus,Peromyscus,ectoparasite,https://arctos.database.museum/guid/KSB:Mamm:713/PID32369989,,ethanol 95%,excellent,3,,,,,,,
KSB:Mamm:716,Peromyscus leucopus,Peromyscus,ectoparasite,https://arctos.database.museum/guid/KSB:Mamm:716/PID32370001,,ethanol 95%,excellent,1,,,,,,,
KSB:Mamm:717,Peromyscus leucopus,Peromyscus,ectoparasite,https://arctos.database.museum/guid/KSB:Mamm:717/PID32370009,,ethanol 95%,excellent,5,,,,,,,
KSB:Mamm:718,Peromyscus leucopus,Peromyscus,ectoparasite,https://arctos.database.museum/guid/KSB:Mamm:718/PID32370017,,ethanol 95%,excellent,1,,,,,,,
KSB:Mamm:718,Peromyscus leucopus,Peromyscus,endoparasite,https://arctos.database.museum/guid/KSB:Mamm:718/PID32370018,located in cecum,ethanol 95%,excellent,1,,,,,,,
KSB:Mamm:719,Peromyscus leucopus,Peromyscus,ectoparasite,https://arctos.database.museum/guid/KSB:Mamm:719/PID32370026,,ethanol 95%,excellent,5,,,,,,,
KSB:Mamm:720,Peromyscus leucopus,Peromyscus,ectoparasite,https://arctos.database.museum/guid/KSB:Mamm:720/PID32370034,,ethanol 80%,excellent,4,,,,,,,
KSB:Mamm:721,Peromyscus leucopus,Peromyscus,ectoparasite,https://arctos.database.museum/guid/KSB:Mamm:721/PID32370042,,ethanol 80%,excellent,10,,,,,,,
KSB:Mamm:722,Peromyscus maniculatus,Peromyscus,ectoparasite,https://arctos.database.museum/guid/KSB:Mamm:722/PID32370050,mange on tail,ethanol 80%,excellent,4,,,,,,,
KSB:Mamm:724,Peromyscus leucopus,Peromyscus,endoparasite,https://arctos.database.museum/guid/KSB:Mamm:724/PID32370063,found in cecum,ethanol 95%,excellent,1,,,,,,,
KSB:Mamm:725,Sylvilagus floridanus,Sylvilagus,ectoparasite,https://arctos.database.museum/guid/KSB:Mamm:725/PID32370071,,ethanol 95%,good,10,,,,,,,
KSB:Mamm:726,Peromyscus leucopus,Peromyscus,ectoparasite,https://arctos.database.museum/guid/KSB:Mamm:726/PID32370079,,ethanol 95%,excellent,20,,,,,,,
KSB:Mamm:728,Peromyscus leucopus,Peromyscus,ectoparasite,https://arctos.database.museum/guid/KSB:Mamm:728/PID32370094,,ethanol 80%,excellent,1,,,,,,,
KSB:Mamm:729,Neotoma floridana,Neotoma,ectoparasite,https://arctos.database.museum/guid/KSB:Mamm:729/PID32370102,,ethanol 80%,excellent,1,,,,,,,
KSB:Mamm:730,Peromyscus leucopus,Peromyscus,ectoparasite,https://arctos.database.museum/guid/KSB:Mamm:730/PID32370110,,ethanol 80%,excellent,1,,,,,,,
KSB:Mamm:731,Peromyscus leucopus,Peromyscus,ectoparasite,https://arctos.database.museum/guid/KSB:Mamm:731/PID32370118,lots,ethanol 80%,excellent,2,,,,,,,
KSB:Mamm:733,Peromyscus leucopus,Peromyscus,ectoparasite,https://arctos.database.museum/guid/KSB:Mamm:733/PID32370126,,ethanol 80%,excellent,4,,,,,,,
KSB:Mamm:734,Neotoma floridana,Neotoma,ectoparasite,https://arctos.database.museum/guid/KSB:Mamm:734/PID32370134,,ethanol 80%,excellent,1,,,,,,,
KSB:Mamm:735,Sigmodon hispidus,Sigmodon,ectoparasite,https://arctos.database.museum/guid/KSB:Mamm:735/PID32370142,,ethanol 80%,fair,4,,,,,,,
KSB:Mamm:737,Blarina carolinensis,Blarina,endoparasite,https://arctos.database.museum/guid/KSB:Mamm:737/PID32370157,,ethanol 80%,good,1,,,,,,,
KSB:Mamm:741,Blarina carolinensis,Blarina,endoparasite,https://arctos.database.museum/guid/KSB:Mamm:741/PID32370184,,ethanol 80%,good,1,,,,,,,
KSB:Mamm:749,Peromyscus leucopus,Peromyscus,ectoparasite,https://arctos.database.museum/guid/KSB:Mamm:749/PID32370235,,ethanol 80%,excellent,4,,,,,,,
KSB:Mamm:754,Peromyscus leucopus,Peromyscus,ectoparasite,https://arctos.database.museum/guid/KSB:Mamm:754/PID32370267,,ethanol 80%,excellent,2,,,,,,,
KSB:Mamm:755,Neotoma floridana,Neotoma,endoparasite,https://arctos.database.museum/guid/KSB:Mamm:755/PID32370275,,ethanol 95%,excellent,1,,,,,,,
KSB:Mamm:756,Peromyscus leucopus,Peromyscus,ectoparasite,https://arctos.database.museum/guid/KSB:Mamm:756/PID32370283,mangy,ethanol 80%,excellent,1,,,,,,,
KSB:Mamm:757,Peromyscus leucopus,Peromyscus,ectoparasite,https://arctos.database.museum/guid/KSB:Mamm:757/PID32370289,,ethanol 80%,excellent,5,,,,,,,
KSB:Mamm:759,Peromyscus maniculatus,Peromyscus,ectoparasite,https://arctos.database.museum/guid/KSB:Mamm:759/PID32370302,,ethanol 80%,excellent,2,,,,,,,
KSB:Mamm:760,Peromyscus maniculatus,Peromyscus,endoparasite,https://arctos.database.museum/guid/KSB:Mamm:760/PID32370310,,ethanol 95%,excellent,1,,,,,,,
KSB:Mamm:762,Peromyscus leucopus,Peromyscus,ectoparasite,https://arctos.database.museum/guid/KSB:Mamm:762/PID32370321,,ethanol 80%,excellent,3,,,,,,,
KSB:Mamm:769,Peromyscus leucopus,Peromyscus,ectoparasite,https://arctos.database.museum/guid/KSB:Mamm:769/PID32370363,,ethanol 80%,excellent,3,,,,,,,
KSB:Mamm:769,Peromyscus leucopus,Peromyscus,endoparasite,https://arctos.database.museum/guid/KSB:Mamm:769/PID32370364,located in liver,ethanol 95%,excellent,1,,,,,,,
KSB:Mamm:778,Neotoma floridana,Neotoma,ectoparasite,https://arctos.database.museum/guid/KSB:Mamm:778/PID32370412,,ethanol 80%,excellent,1,,,,,,,
KSB:Mamm:785,Microtus ochrogaster,Microtus,ectoparasite,https://arctos.database.museum/guid/KSB:Mamm:785/PID32370444,tick found in ear,ethanol 95%,very good,1,,,,,,,
KSB:Mamm:789,Sigmodon hispidus,Sigmodon,ectoparasite,https://arctos.database.museum/guid/KSB:Mamm:789/PID32370463,,ethanol 80%,excellent,5,,,,,,,
KSB:Mamm:794,Peromyscus leucopus,Peromyscus,ectoparasite,https://arctos.database.museum/guid/KSB:Mamm:794/PID32370490,,ethanol 80%,excelllent,1,,,,,,,
KSB:Mamm:801,Peromyscus leucopus,Peromyscus,ectoparasite,https://arctos.database.museum/guid/KSB:Mamm:801/PID32370527,,ethanol 80%,excellent,7,,,,,,,
KSB:Mamm:802,Peromyscus leucopus,Peromyscus,endoparasite,https://arctos.database.museum/guid/KSB:Mamm:802/PID32370535,egg found in muscle,ethanol 80%,excellent,1,,,,,,,
KSB:Mamm:803,Neotoma floridana,Neotoma,ectoparasite,https://arctos.database.museum/guid/KSB:Mamm:803/PID32370541,botfly,ethanol 95%,very good,1,,,,,,,
KSB:Mamm:803,Neotoma floridana,Neotoma,ectoparasite,https://arctos.database.museum/guid/KSB:Mamm:803/PID32370542,botfly,ethanol 95%,very good,1,,,,,,,
KSB:Mamm:805,Neotoma floridana,Neotoma,ectoparasite,https://arctos.database.museum/guid/KSB:Mamm:805/PID32370555,botfly found in chest,ethanol 95%,very good,1,,,,,,,
KSB:Mamm:805,Neotoma floridana,Neotoma,ectoparasite,https://arctos.database.museum/guid/KSB:Mamm:805/PID32370556,botfly found in chest,ethanol 95%,very good,1,,,,,,,
KSB:Mamm:805,Neotoma floridana,Neotoma,ectoparasite,https://arctos.database.museum/guid/KSB:Mamm:805/PID32370557,botfly found in chest,ethanol 95%,very good,1,,,,,,,
KSB:Mamm:808,Peromyscus leucopus,Peromyscus,ectoparasite,https://arctos.database.museum/guid/KSB:Mamm:808/PID32370575,,ethanol 95%,excellent,5,,,,,,,
KSB:Mamm:810,Peromyscus leucopus,Peromyscus,ectoparasite,https://arctos.database.museum/guid/KSB:Mamm:810/PID32370590,,ethanol 95%,excellent,5,,,,,,,
KSB:Mamm:810,Peromyscus leucopus,Peromyscus,endoparasite,https://arctos.database.museum/guid/KSB:Mamm:810/PID32370591,"verbatim location: SI, cecum",ethanol 95%,excellent,2,,,,,,,
KSB:Mamm:811,Peromyscus leucopus,Peromyscus,ectoparasite,https://arctos.database.museum/guid/KSB:Mamm:811/PID32370597,,ethanol 80%,excellent,3,,,,,,,
KSB:Mamm:824,Didelphis virginiana,Didelphis,ectoparasite,https://arctos.database.museum/guid/KSB:Mamm:824/PID32370666,,ethanol 80%,excellent,2,,,,,,,
KSB:Mamm:825,Procyon lotor,Procyon,ectoparasite,https://arctos.database.museum/guid/KSB:Mamm:825/PID32370674,,ethanol 80%,excellent,3,,,,,,,
KSB:Mamm:825,Procyon lotor,Procyon,endoparasite,https://arctos.database.museum/guid/KSB:Mamm:825/PID32370675,subcutaneous,ethanol 95%,excellent,3,,,,,,,
KSB:Mamm:845,Peromyscus leucopus,Peromyscus,ectoparasite,https://arctos.database.museum/guid/KSB:Mamm:845/PID32370801,located on neck/head,ethanol 95%,fair,10,,,,,,,
KSB:Mamm:853,Peromyscus leucopus,Peromyscus,ectoparasite,https://arctos.database.museum/guid/KSB:Mamm:853/PID32370851,botfly,ethanol 90%,poor,1,,,,,,,
KSB:Mamm:876,Peromyscus leucopus,Peromyscus,ectoparasite,https://arctos.database.museum/guid/KSB:Mamm:876/PID32370949,located everywhere and possible mange,ethanol 80%,good,27,,,,,,,
KSB:Mamm:892,Peromyscus leucopus,Peromyscus,ectoparasite,https://arctos.database.museum/guid/KSB:Mamm:892/PID32371031,,ethanol 80%,excellent,4,,,,,,,
KSB:Mamm:895,Peromyscus leucopus,Peromyscus,endoparasite,https://arctos.database.museum/guid/KSB:Mamm:895/PID32371048,located in small intestine,ethanol 95%,excellent,1,,,,,,,
KSB:Mamm:896,Peromyscus leucopus,Peromyscus,ectoparasite,https://arctos.database.museum/guid/KSB:Mamm:896/PID32371056,,ethanol 80%,excelllent,7,,,,,,,
KSB:Mamm:897,Peromyscus leucopus,Peromyscus,ectoparasite,https://arctos.database.museum/guid/KSB:Mamm:897/PID32371064,,ethanol 80%,excellent,2,,,,,,,
KSB:Mamm:898,Peromyscus leucopus,Peromyscus,ectoparasite,https://arctos.database.museum/guid/KSB:Mamm:898/PID32371072,,ethanol 80%,excelllent,1,,,,,,,
KSB:Mamm:954,Blarina carolinensis,Blarina,endoparasite,https://arctos.database.museum/guid/KSB:Mamm:954/PID32371242,,ethanol 80%,good,1,,,,,,,
KSB:Mamm:959,Peromyscus leucopus,Peromyscus,ectoparasite,https://arctos.database.museum/guid/KSB:Mamm:959/PID32371271,,ethanol 80%,excellent,4,,,,,,,
KSB:Mamm:970,Blarina carolinensis,Blarina,endoparasite,https://arctos.database.museum/guid/KSB:Mamm:970/PID32375086,,ethanol 80%,good,1,,,,,,,
KSB:Mamm:972,Blarina carolinensis,Blarina,endoparasite,https://arctos.database.museum/guid/KSB:Mamm:972/PID32375101,,ethanol 80%,good,1,,,,,,,
KSB:Mamm:974,Blarina brevicauda,Blarina,endoparasite,https://arctos.database.museum/guid/KSB:Mamm:974/PID32375111,,ethanol 80%,good,1,,,,,,,
KSB:Mamm:974,Blarina brevicauda,Blarina,endoparasite,https://arctos.database.museum/guid/KSB:Mamm:974/PID32375112,,ethanol 80%,good,1,,,,,,,
KSB:Mamm:976,Sigmodon hispidus,Sigmodon,ectoparasite,https://arctos.database.museum/guid/KSB:Mamm:976/PID32375127,,ethanol 80%,good,1,,,,,,,
KSB:Mamm:976,Sigmodon hispidus,Sigmodon,endoparasite,https://arctos.database.museum/guid/KSB:Mamm:976/PID32375128,,ethanol 95%,good,1,,,,,,,
KSB:Mamm:977,Sigmodon hispidus,Sigmodon,ectoparasite,https://arctos.database.museum/guid/KSB:Mamm:977/PID32375136,flea and mite,ethanol 95%,good,1,,,,,,,
KSB:Mamm:978,Peromyscus leucopus,Peromyscus,ectoparasite,https://arctos.database.museum/guid/KSB:Mamm:978/PID32375144,fleas and mites,ethanol 95%,good,1,,,,,,,
KSB:Mamm:978,Peromyscus leucopus,Peromyscus,endoparasite,https://arctos.database.museum/guid/KSB:Mamm:978/PID32375145,nematode located in small intestine,ethanol 95%,good,1,,,,,,,
KSB:Mamm:979,Peromyscus maniculatus,Peromyscus,ectoparasite,https://arctos.database.museum/guid/KSB:Mamm:979/PID32375153,fleas and mites,ethanol 95%,good,1,,,,,,,
KSB:Mamm:980,Microtus ochrogaster,Microtus,ectoparasite,https://arctos.database.museum/guid/KSB:Mamm:980/PID32375161,,ethanol 95%,good,1,,,,,,,
KSB:Mamm:981,Microtus ochrogaster,Microtus,ectoparasite,https://arctos.database.museum/guid/KSB:Mamm:981/PID32375169,fleas and mites,ethanol 95%,good,1,,,,,,,
KSB:Mamm:982,Peromyscus maniculatus,Peromyscus,ectoparasite,https://arctos.database.museum/guid/KSB:Mamm:982/PID32375177,,ethanol 95%,good,1,,,,,,,
KSB:Mamm:984,Peromyscus leucopus,Peromyscus,ectoparasite,https://arctos.database.museum/guid/KSB:Mamm:984/PID32375190,fleas and mites,ethanol 95%,good,1,,,,,,,
KSB:Mamm:985,Reithrodontomys megalotis,Reithrodontomys,ectoparasite,https://arctos.database.museum/guid/KSB:Mamm:985/PID32375198,flea,ethanol 95%,good,1,,,,,,,
KSB:Mamm:986,Peromyscus leucopus,Peromyscus,ectoparasite,https://arctos.database.museum/guid/KSB:Mamm:986/PID32375206,fleas and mite,ethanol 95%,good,1,,,,,,,
KSB:Mamm:987,Peromyscus leucopus,Peromyscus,ectoparasite,https://arctos.database.museum/guid/KSB:Mamm:987/PID32375214,fleas,ethanol 95%,good,1,,,,,,,
KSB:Mamm:988,,Microtus,ectoparasite,https://arctos.database.museum/guid/KSB:Mamm:988/PID32375222,fleas and mites,ethanol 95%,good,1,,,,,,,
KSB:Mamm:989,Peromyscus leucopus,Peromyscus,ectoparasite,https://arctos.database.museum/guid/KSB:Mamm:989/PID32375230,flea,ethanol 95%,good,1,,,,,,,
KSB:Mamm:990,Peromyscus leucopus,Peromyscus,ectoparasite,https://arctos.database.museum/guid/KSB:Mamm:990/PID32375238,fleas,ethanol 95%,good,1,,,,,,,
KSB:Mamm:991,Peromyscus leucopus,Peromyscus,ectoparasite,https://arctos.database.museum/guid/KSB:Mamm:991/PID32375246,fleas,ethanol 95%,good,1,,,,,,,
KSB:Mamm:992,Microtus ochrogaster,Microtus,ectoparasite,https://arctos.database.museum/guid/KSB:Mamm:992/PID32375254,"unknown amount of fleas, mites, and lice",ethanol 95%,good,1,,,,,,,
KSB:Mamm:992,Microtus ochrogaster,Microtus,endoparasite,https://arctos.database.museum/guid/KSB:Mamm:992/PID32375255,2 cestodes located in liver,ethanol 95%,good,1,,,,,,2.0,
KSB:Mamm:992,Microtus ochrogaster,Microtus,endoparasite,https://arctos.database.museum/guid/KSB:Mamm:992/PID32375256,1 cestode located in small intestine,ethanol 95%,good,1,,,,,,1.0,
KSB:Mamm:994,Peromyscus leucopus,Peromyscus,ectoparasite,https://arctos.database.museum/guid/KSB:Mamm:994/PID32375271,ticks,ethanol 95%,good,1,,,,,,,
KSB:Mamm:994,Peromyscus leucopus,Peromyscus,ectoparasite,https://arctos.database.museum/guid/KSB:Mamm:994/PID32375272,fleas and mites,ethanol 95%,good,1,,,,,,,
KSB:Mamm:994,Peromyscus leucopus,Peromyscus,endoparasite,https://arctos.database.museum/guid/KSB:Mamm:994/PID32375273,nematode,ethanol 95%,good,1,,,,,,,
KSB:Mamm:995,Peromyscus leucopus,Peromyscus,ectoparasite,https://arctos.database.museum/guid/KSB:Mamm:995/PID32375281,flea,ethanol 95%,good,1,,,,,,,
KSB:Mamm:996,Sigmodon hispidus,Sigmodon,ectoparasite,https://arctos.database.museum/guid/KSB:Mamm:996/PID32375289,fleas and mites,ethanol 95%,good,1,,,,,,,
KSB:Mamm:996,Sigmodon hispidus,Sigmodon,endoparasite,https://arctos.database.museum/guid/KSB:Mamm:996/PID32375290,cestode,ethanol 95%,good,1,,,,,,,
KSB:Mamm:997,Microtus ochrogaster,Microtus,ectoparasite,https://arctos.database.museum/guid/KSB:Mamm:997/PID32375298,unknown amount of mites,ethanol 95%,good,1,,,,,,,
KSB:Mamm:997,Microtus ochrogaster,Microtus,endoparasite,https://arctos.database.museum/guid/KSB:Mamm:997/PID32375299,1 cestode,ethanol 95%,good,1,,,,,,1.0,
KSB:Mamm:999,Didelphis virginiana,Didelphis,ectoparasite,https://arctos.database.museum/guid/KSB:Mamm:999/PID32375313,ticks,ethanol 95%,good,9,,,,,,,
KSB:Mamm:1000,Microtus ochrogaster,Microtus,ectoparasite,https://arctos.database.museum/guid/KSB:Mamm:1000/PID32375321,unknown amount of fleas and mites,ethanol 95%,good,1,,,,,,,
KSB:Mamm:1002,Peromyscus leucopus,Peromyscus,ectoparasite,https://arctos.database.museum/guid/KSB:Mamm:1002/PID32375334,unknown amount of fleas and lice,ethanol 95%,good,1,,,,,,,
KSB:Mamm:1022,Blarina carolinensis,Blarina,endoparasite,https://arctos.database.museum/guid/KSB:Mamm:1022/PID32375429,,ethanol 80%,good,1,,,,,,,
KSB:Mamm:1023,Blarina carolinensis,Blarina,endoparasite,https://arctos.database.museum/guid/KSB:Mamm:1023/PID32375437,,ethanol 80%,good,1,,,,,,,
KSB:Mamm:1024,Blarina carolinensis,Blarina,endoparasite,https://arctos.database.museum/guid/KSB:Mamm:1024/PID32375445,,ethanol 80%,good,1,,,,,,,
KSB:Mamm:1026,Sigmodon hispidus,Sigmodon,ectoparasite,https://arctos.database.museum/guid/KSB:Mamm:1026/PID32375460,"includes 1 flea, 1 mite, and 2 lice",ethanol 95%,good,1,1.0,1.0,,2.0,,,
KSB:Mamm:1026,Sigmodon hispidus,Sigmodon,endoparasite,https://arctos.database.museum/guid/KSB:Mamm:1026/PID32375461,"includes nematode and cestode, located in the small intestine",ethanol 95%,good,1,,,,,,,
KSB:Mamm:1027,Microtus ochrogaster,Microtus,ectoparasite,https://arctos.database.museum/guid/KSB:Mamm:1027/PID32375469,fleas,ethanol 95%,good,1,,,,,,,
KSB:Mamm:1030,Microtus ochrogaster,Microtus,ectoparasite,https://arctos.database.museum/guid/KSB:Mamm:1030/PID32375486,,ethanol 95%,good,1,,,,,,,
KSB:Mamm:1031,Peromyscus maniculatus,Peromyscus,ectoparasite,https://arctos.database.museum/guid/KSB:Mamm:1031/PID32375494,,ethanol 95%,good,1,,,,,,,
KSB:Mamm:1032,Microtus ochrogaster,Microtus,ectoparasite,https://arctos.database.museum/guid/KSB:Mamm:1032/PID32375502,fleas and mites,ethanol 95%,good,1,,,,,,,
KSB:Mamm:1033,Peromyscus leucopus,Peromyscus,ectoparasite,https://arctos.database.museum/guid/KSB:Mamm:1033/PID32375510,fleas,ethanol 95%,good,1,,,,,,,
KSB:Mamm:1034,Sigmodon hispidus,Sigmodon,ectoparasite,https://arctos.database.museum/guid/KSB:Mamm:1034/PID32375518,fleas,ethanol 95%,good,1,,,,,,,
KSB:Mamm:1035,Peromyscus leucopus,Peromyscus,ectoparasite,https://arctos.database.museum/guid/KSB:Mamm:1035/PID32375531,fleas,ethanol 95%,good,1,,,,,,,
KSB:Mamm:1036,Peromyscus leucopus,Peromyscus,ectoparasite,https://arctos.database.museum/guid/KSB:Mamm:1036/PID32375539,flease,ethanol 95%,good,1,,,,,,,
KSB:Mamm:1037,Peromyscus leucopus,Peromyscus,ectoparasite,https://arctos.database.museum/guid/KSB:Mamm:1037/PID32375547,mites,ethanol 95%,good,1,,,,,,,
KSB:Mamm:1039,Microtus ochrogaster,Microtus,ectoparasite,https://arctos.database.museum/guid/KSB:Mamm:1039/PID32375562,fleas and mites,ethanol 95%,good,1,,,,,,,
KSB:Mamm:1039,Microtus ochrogaster,Microtus,endoparasite,https://arctos.database.museum/guid/KSB:Mamm:1039/PID32375563,cestode,ethanol 95%,good,1,,,,,,,
KSB:Mamm:1040,Microtus ochrogaster,Microtus,ectoparasite,https://arctos.database.museum/guid/KSB:Mamm:1040/PID32375571,mites,ethanol 95%,good,1,,,,,,,
KSB:Mamm:1041,Microtus ochrogaster,Microtus,ectoparasite,https://arctos.database.museum/guid/KSB:Mamm:1041/PID32375579,fleas and mites,ethanol 95%,good,1,,,,,,,
KSB:Mamm:1041,Microtus ochrogaster,Microtus,endoparasite,https://arctos.database.museum/guid/KSB:Mamm:1041/PID32375580,nematode and cestode,ethanol 95%,good,1,,,,,,,
KSB:Mamm:1042,Blarina hylophaga,Blarina,ectoparasite,https://arctos.database.museum/guid/KSB:Mamm:1042/PID32375590,fleas,ethanol 95%,good,1,,,,,,,
KSB:Mamm:1042,Blarina hylophaga,Blarina,endoparasite,https://arctos.database.museum/guid/KSB:Mamm:1042/PID32375591,nematode and trematode,ethanol 95%,good,1,,,,,,,
KSB:Mamm:1044,Microtus ochrogaster,Microtus,ectoparasite,https://arctos.database.museum/guid/KSB:Mamm:1044/PID32375606,flea and mites,ethanol 95%,good,1,,,,,,,
KSB:Mamm:1044,Microtus ochrogaster,Microtus,ectoparasite,https://arctos.database.museum/guid/KSB:Mamm:1044/PID32375607,2 ticks,ethanol 95%,good,1,,,2.0,,,,
KSB:Mamm:1044,Microtus ochrogaster,Microtus,endoparasite,https://arctos.database.museum/guid/KSB:Mamm:1044/PID32375608,1 cestode,ethanol 95%,good,1,,,,,,1.0,
KSB:Mamm:1045,Neotoma floridana,Neotoma,ectoparasite,https://arctos.database.museum/guid/KSB:Mamm:1045/PID32375616,mites,ethanol 95%,good,1,,,,,,,
KSB:Mamm:1046,Reithrodontomys megalotis,Reithrodontomys,ectoparasite,https://arctos.database.museum/guid/KSB:Mamm:1046/PID32375624,unknown amount of mites,ethanol 95%,good,1,,,,,,,
KSB:Mamm:1047,Microtus ochrogaster,Microtus,ectoparasite,https://arctos.database.museum/guid/KSB:Mamm:1047/PID32375632,unknown amount of mites,ethanol 95%,good,1,,,,,,,
KSB:Mamm:1048,Sigmodon hispidus,Sigmodon,ectoparasite,https://arctos.database.museum/guid/KSB:Mamm:1048/PID32375640,unknown amount of mites,ethanol 95%,good,1,,,,,,,
KSB:Mamm:1048,Sigmodon hispidus,Sigmodon,endoparasite,https://arctos.database.museum/guid/KSB:Mamm:1048/PID32375641,nematode and cestode,ethanol 95%,good,1,,,,,,,
KSB:Mamm:1049,Sigmodon hispidus,Sigmodon,ectoparasite,https://arctos.database.museum/guid/KSB:Mamm:1049/PID32375649,fleas and mites,ethanol 95%,good,1,,,,,,,
KSB:Mamm:1050,Sigmodon hispidus,Sigmodon,ectoparasite,https://arctos.database.museum/guid/KSB:Mamm:1050/PID32375657,unknown amount of fleas and mites,ethanol 95%,good,1,,,,,,,
KSB:Mamm:1050,Sigmodon hispidus,Sigmodon,ectoparasite,https://arctos.database.museum/guid/KSB:Mamm:1050/PID32375658,unknown amount of ticks,ethanol 95%,good,1,,,,,,,
KSB:Mamm:1052,Microtus ochrogaster,Microtus,ectoparasite,https://arctos.database.museum/guid/KSB:Mamm:1052/PID32375668,3 fleas and unknown amount of mites,ethanol 95%,good,1,3.0,,,,,,
KSB:Mamm:1052,Microtus ochrogaster,Microtus,endoparasite,https://arctos.database.museum/guid/KSB:Mamm:1052/PID32375669,1 nematode and 1 cestode,ethanol 95%,good,1,,,,,1.0,1.0,
KSB:Mamm:1053,Reithrodontomys montanus,Reithrodontomys,ectoparasite,https://arctos.database.museum/guid/KSB:Mamm:1053/PID32375677,unknown amount of mites,ethanol 95%,good,1,,,,,,,
KSB:Mamm:1054,Didelphis virginiana,Didelphis,ectoparasite,https://arctos.database.museum/guid/KSB:Mamm:1054/PID32375685,ticks,ethanol 90%,fair,3,,,,,,,
KSB:Mamm:1055,Microtus ochrogaster,Microtus,ectoparasite,https://arctos.database.museum/guid/KSB:Mamm:1055/PID32375693,unknown amount of fleas and mites,ethanol 95%,good,1,,,,,,,
KSB:Mamm:1055,Microtus ochrogaster,Microtus,ectoparasite,https://arctos.database.museum/guid/KSB:Mamm:1055/PID32375694,4 ticks,ethanol 95%,good,1,,,4.0,,,,
KSB:Mamm:1055,Microtus ochrogaster,Microtus,endoparasite,https://arctos.database.museum/guid/KSB:Mamm:1055/PID32375695,1 cestode,ethanol 95%,good,1,,,,,,1.0,
KSB:Mamm:1056,Microtus ochrogaster,Microtus,ectoparasite,https://arctos.database.museum/guid/KSB:Mamm:1056/PID32375703,unknown amount of fleas and mites,ethanol 95%,good,1,,,,,,,
KSB:Mamm:1056,Microtus ochrogaster,Microtus,ectoparasite,https://arctos.database.museum/guid/KSB:Mamm:1056/PID32375704,unknown amount of ticks,ethanol 95%,good,1,,,,,,,
KSB:Mamm:1057,Neotoma floridana,Neotoma,ectoparasite,https://arctos.database.museum/guid/KSB:Mamm:1057/PID32375712,unknown amount of fleas,ethanol 95%,good,1,,,,,,,
KSB:Mamm:1058,Sigmodon hispidus,Sigmodon,ectoparasite,https://arctos.database.museum/guid/KSB:Mamm:1058/PID32375720,unknown amount of mites,ethanol 95%,good,1,,,,,,,
KSB:Mamm:1058,Sigmodon hispidus,Sigmodon,endoparasite,https://arctos.database.museum/guid/KSB:Mamm:1058/PID32375721,1 nematode,ethanol 95%,good,1,,,,,1.0,,
KSB:Mamm:1066,Didelphis virginiana,Didelphis,ectoparasite,https://arctos.database.museum/guid/KSB:Mamm:1066/PID32375767,ticks,ethanol 90%,fair,2,,,,,,,
KSB:Mamm:1066,Didelphis virginiana,Didelphis,endoparasite,https://arctos.database.museum/guid/KSB:Mamm:1066/PID32375768,worm,ethanol 90%,fair,1,,,,,,,
KSB:Mamm:1077,Neotoma floridana,Neotoma,ectoparasite,https://arctos.database.museum/guid/KSB:Mamm:1077/PID32375803,,ethanol 80%,excellent,1,,,,,,,
KSB:Mamm:1091,Peromyscus maniculatus,Peromyscus,ectoparasite,https://arctos.database.museum/guid/KSB:Mamm:1091/PID32375850,unknown amount of mites,ethanol 95%,good,1,,,,,,,
KSB:Mamm:1102,Peromyscus leucopus,Peromyscus,ectoparasite,https://arctos.database.museum/guid/KSB:Mamm:1102/PID32375892,unknown amount of fleas and mites,ethanol 95%,good,1,,,,,,,
KSB:Mamm:1102,Peromyscus leucopus,Peromyscus,ectoparasite,https://arctos.database.museum/guid/KSB:Mamm:1102/PID32375893,unknown amount of ticks,ethanol 95%,good,1,,,,,,,
KSB:Mamm:1102,Peromyscus leucopus,Peromyscus,endoparasite,https://arctos.database.museum/guid/KSB:Mamm:1102/PID32375894,unknown amount of nematode,ethanol 95%,good,1,,,,,,,
KSB:Mamm:1111,Peromyscus maniculatus,Peromyscus,ectoparasite,https://arctos.database.museum/guid/KSB:Mamm:1111/PID32375918,,ethanol 95%,good,1,,,,,,,
KSB:Mamm:1113,Peromyscus maniculatus,Peromyscus,ectoparasite,https://arctos.database.museum/guid/KSB:Mamm:1113/PID32375928,flea and mites,ethanol 95%,good,1,,,,,,,
KSB:Mamm:1114,Blarina carolinensis,Blarina,endoparasite,https://arctos.database.museum/guid/KSB:Mamm:1114/PID32375936,,ethanol 80%,good,1,,,,,,,
KSB:Mamm:1115,Neotoma floridana,Neotoma,ectoparasite,https://arctos.database.museum/guid/KSB:Mamm:1115/PID32375944,fleas,ethanol 95%,good,1,,,,,,,
KSB:Mamm:1119,Sigmodon hispidus,Sigmodon,ectoparasite,https://arctos.database.museum/guid/KSB:Mamm:1119/PID32375958,5 fleas and unknown amount of mites,ethanol 95%,good,1,5.0,,,,,,
KSB:Mamm:1119,Sigmodon hispidus,Sigmodon,ectoparasite,https://arctos.database.museum/guid/KSB:Mamm:1119/PID32375959,2 ticks,ethanol 95%,good,1,,,2.0,,,,
KSB:Mamm:1119,Sigmodon hispidus,Sigmodon,cestode,https://arctos.database.museum/guid/KSB:Mamm:1119/PID32375960,1 cestode,ethanol 95%,good,1,,,,,,1.0,
KSB:Mamm:1119,Sigmodon hispidus,Sigmodon,nematode,https://arctos.database.museum/guid/KSB:Mamm:1119/PID32375961,nematode,ethanol 95%,good,1,,,,,,,
KSB:Mamm:1120,Microtus ochrogaster,Microtus,ectoparasite,https://arctos.database.museum/guid/KSB:Mamm:1120/PID32375969,unknown amount of mites,ethanol 95%,good,1,,,,,,,
KSB:Mamm:1120,Microtus ochrogaster,Microtus,endoparasite,https://arctos.database.museum/guid/KSB:Mamm:1120/PID32375970,1 cestode,ethanol 95%,good,1,,,,,,1.0,
KSB:Mamm:1121,Neotoma floridana,Neotoma,endoparasite,https://arctos.database.museum/guid/KSB:Mamm:1121/PID32375978,liver cyst,ethanol 95%,good,1,,,,,,,
KSB:Mamm:1155,Neotoma floridana,Neotoma,ectoparasite,https://arctos.database.museum/guid/KSB:Mamm:1155/PID32460659,,ethanol 95%,very good,1,,,,,,,
KSB:Mamm:1189,Blarina hylophaga,Blarina,ectoparasite,https://arctos.database.museum/guid/KSB:Mamm:1189/PID32460805,eggs found on chest,ethanol 90%,poor,2,,,,,,,
KSB:Mamm:1191,Peromyscus leucopus,Peromyscus,ectoparasite,https://arctos.database.museum/guid/KSB:Mamm:1191/PID32460820,tick,ethanol 90%,fair,1,,,,,,,
KSB:Mamm:1201,Peromyscus maniculatus,Peromyscus,ectoparasite,https://arctos.database.museum/guid/KSB:Mamm:1201/PID32460867,botfly on pelvis,ethanol 90%,fair,1,,,,,,,
KSB:Mamm:1250,Neotoma floridana,Neotoma,ectoparasite,https://arctos.database.museum/guid/KSB:Mamm:1250/PID32461183,botfly found on chest,ethanol 95%,fair,1,,,,,,,
KSB:Mamm:1257,Sciurus niger,Sciurus,ectoparasite,https://arctos.database.museum/guid/KSB:Mamm:1257/PID32461222,,ethanol 80%,good,6,,,,,,,
KSB:Mamm:1276,Sigmodon hispidus,Sigmodon,ectoparasite,https://arctos.database.museum/guid/KSB:Mamm:1276/PID32461365,,ethanol 95%,very good,1,,,,,,,
KSB:Mamm:1294,Neotoma floridana,Neotoma,ectoparasite,https://arctos.database.museum/guid/KSB:Mamm:1294/PID32461427,,ethanol 95%,very good,1,,,,,,,
KSB:Mamm:1295,Neotoma floridana,Neotoma,ectoparasite,https://arctos.database.museum/guid/KSB:Mamm:1295/PID32461435,,ethanol 95%,very good,1,,,,,,,
KSB:Mamm:1298,Neotoma floridana,Neotoma,ectoparasite,https://arctos.database.museum/guid/KSB:Mamm:1298/PID32461454,,ethanol 95%,very good,1,,,,,,,
KSB:Mamm:1327,Neotoma floridana,Neotoma,ectoparasite,https://arctos.database.museum/guid/KSB:Mamm:1327/PID32486388,,ethanol 95%,good,1,,,,,,,
KSB:Mamm:1342,Sigmodon hispidus,Sigmodon,ectoparasite,https://arctos.database.museum/guid/KSB:Mamm:1342/PID32486486,1 botfly,ethanol 95%,good,1,,,,,,,
KSB:Mamm:1345,Peromyscus leucopus,Peromyscus,ectoparasite,https://arctos.database.museum/guid/KSB:Mamm:1345/PID32486506,3 ticks,ethanol 95%,good,3,,,3.0,,,,
KSB:Mamm:1369,Peromyscus leucopus,Peromyscus,ectoparasite,https://arctos.database.museum/guid/KSB:Mamm:1369/PID32486674,,ethanol 90%,poor,1,,,,,,,
KSB:Mamm:1396,Didelphis virginiana,Didelphis,ectoparasite,https://arctos.database.museum/guid/KSB:Mamm:1396/PID32486858,,ethanol 90%,good,1,,,,,,,
KSB:Mamm:1397,Didelphis virginiana,Didelphis,ectoparasite,https://arctos.database.museum/guid/KSB:Mamm:1397/PID32486866,,ethanol 90%,good,1,,,,,,,
KSB:Mamm:1414,Peromyscus leucopus,Peromyscus,ectoparasite,https://arctos.database.museum/guid/KSB:Mamm:1414/PID32487019,,ethanol 80%,fair,1,,,,,,,
KSB:Mamm:1420,Sigmodon hispidus,Sigmodon,ectoparasite,https://arctos.database.museum/guid/KSB:Mamm:1420/PID32487062,,ethanol 95%,very good,1,,,,,,,
KSB:Mamm:1422,Microtus ochrogaster,Microtus,ectoparasite,https://arctos.database.museum/guid/KSB:Mamm:1422/PID32487078,fleas and ticks,ethanol 95%,good,1,,,,,,,
KSB:Mamm:1422,Microtus ochrogaster,Microtus,endoparasite,https://arctos.database.museum/guid/KSB:Mamm:1422/PID32487079,cestode,ethanol 95%,good,1,,,,,,,
KSB:Mamm:1425,Didelphis virginiana,Didelphis,ectoparasite,https://arctos.database.museum/guid/KSB:Mamm:1425/PID32487099,,ethanol 95%,good,1,,,,,,,
KSB:Mamm:1473,Peromyscus leucopus,Peromyscus,ectoparasite,https://arctos.database.museum/guid/KSB:Mamm:1473/PID32487429,,ethanol 95%,very good,4,,,,,,,
KSB:Mamm:1476,Sigmodon hispidus,Sigmodon,ectoparasite,https://arctos.database.museum/guid/KSB:Mamm:1476/PID32487458,,ethanol 95%,very good,6,,,,,,,
KSB:Mamm:1494,Neotoma floridana,Neotoma,ectoparasite,https://arctos.database.museum/guid/KSB:Mamm:1494/PID32487583,,ethanol 80%,fair,1,,,,,,,
KSB:Mamm:1495,Didelphis virginiana,Didelphis,ectoparasite,https://arctos.database.museum/guid/KSB:Mamm:1495/PID32487591,,ethanol 95%,good,1,,,,,,,
KSB:Mamm:1496,Peromyscus leucopus,Peromyscus,ectoparasite,https://arctos.database.museum/guid/KSB:Mamm:1496/PID32487599,,ethanol 95%,good,1,,,,,,,
KSB:Mamm:1509,Microtus ochrogaster,Microtus,ectoparasite,https://arctos.database.museum/guid/KSB:Mamm:1509/PID32487694,flea and mites,ethanol 95%,good,1,,,,,,,
KSB:Mamm:1509,Microtus ochrogaster,Microtus,endoparasite,https://arctos.database.museum/guid/KSB:Mamm:1509/PID32487695,nematode,ethanol 95%,good,1,,,,,,,
KSB:Mamm:1566,Peromyscus leucopus,Peromyscus,ectoparasite,https://arctos.database.museum/guid/KSB:Mamm:1566/PID32590355,"1 Flea, 2 Ticks",ethanol 100%,excellent,1,1.0,,2.0,,,,
KSB:Mamm:1574,Peromyscus leucopus,Peromyscus,ectoparasite,https://arctos.database.museum/guid/KSB:Mamm:1574/PID32590394,6 Ticks,ethanol 100%,excellent,1,,,6.0,,,,
KSB:Mamm:1593,Peromyscus leucopus,Peromyscus,ectoparasite,https://arctos.database.museum/guid/KSB:Mamm:1593/PID32590474,"2 fleas, 3 ticks",ethanol 100%,excellent,1,2.0,,3.0,,,,
KSB:Mamm:1613,Peromyscus leucopus,Peromyscus,ectoparasite,https://arctos.database.museum/guid/KSB:Mamm:1613/PID32590561,1 tick,ethanol 100%,excellent,1,,,1.0,,,,
KSB:Mamm:1615,Peromyscus leucopus,Peromyscus,ectoparasite,https://arctos.database.museum/guid/KSB:Mamm:1615/PID32590576,"1 flea, 3 ticks",ethanol 100%,excellent,1,1.0,,3.0,,,,
KSB:Mamm:1616,Neotoma floridana,Neotoma,ectoparasite,https://arctos.database.museum/guid/KSB:Mamm:1616/PID32590584,"1 tick, 5 fleas",ethanol 100%,excellent,1,5.0,,1.0,,,,
KSB:Mamm:1616,Neotoma floridana,Neotoma,endoparasite,https://arctos.database.museum/guid/KSB:Mamm:1616/PID32590585,4 cestodes in small intestine,ethanol 100%,excellent,1,,,,,,4.0,
KSB:Mamm:1617,Peromyscus leucopus,Peromyscus,ectoparasite,https://arctos.database.museum/guid/KSB:Mamm:1617/PID32590593,"2 ticks, 1 flea",ethanol 100%,excellent,1,1.0,,2.0,,,,
KSB:Mamm:1618,Peromyscus leucopus,Peromyscus,ectoparasite,https://arctos.database.museum/guid/KSB:Mamm:1618/PID32590601,2 ticks,ethanol 100%,excellent,1,,,2.0,,,,
KSB:Mamm:1619,Peromyscus leucopus,Peromyscus,ectoparasite,https://arctos.database.museum/guid/KSB:Mamm:1619/PID32590609,1 tick,ethanol 100%,excellent,1,,,1.0,,,,
KSB:Mamm:1639,Peromyscus leucopus,Peromyscus,ectoparasite,https://arctos.database.museum/guid/KSB:Mamm:1639/PID32590690,1 tick,ethanol 100%,excellent,1,,,1.0,,,,
KSB:Mamm:1640,Neotoma floridana,Neotoma,ectoparasite,https://arctos.database.museum/guid/KSB:Mamm:1640/PID32590701,5 fleas,ethanol 100%,excellent,1,5.0,,,,,,
KSB:Mamm:1687,Neotoma floridana,Neotoma,endoparasite,https://arctos.database.museum/guid/KSB:Mamm:1687/PID32590957,3 cestode in small intestine,ethanol 100%,excellent,1,,,,,,3.0,
KSB:Mamm:1693,Peromyscus leucopus,Peromyscus,ectoparasite,https://arctos.database.museum/guid/KSB:Mamm:1693/PID32590985,3 Ticks,ethanol 100%,excellent,1,,,3.0,,,,
KSB:Mamm:1712,Peromyscus maniculatus,Peromyscus,ectoparasite,https://arctos.database.museum/guid/KSB:Mamm:1712/PID32591069,1 tick,ethanol 100%,excellent,1,,,1.0,,,,
KSB:Mamm:1714,Neotoma floridana,Neotoma,ectoparasite,https://arctos.database.museum/guid/KSB:Mamm:1714/PID32591081,"14 fleas, 6 ticks",ethanol 100%,excellent,1,14.0,,6.0,,,,
KSB:Mamm:1716,Peromyscus leucopus,Peromyscus,ectoparasite,https://arctos.database.museum/guid/KSB:Mamm:1716/PID32591093,3 ticks,ethanol 100%,excellent,1,,,3.0,,,,
KSB:Mamm:1717,Peromyscus leucopus,Peromyscus,ectoparasite,https://arctos.database.museum/guid/KSB:Mamm:1717/PID32591101,7 ticks,ethanol 100%,excellent,1,,,7.0,,,,
KSB:Mamm:1719,Neotoma floridana,Neotoma,endoparasite,https://arctos.database.museum/guid/KSB:Mamm:1719/PID32591114,3 cestodes in small intestine,ethanol 100%,excellent,1,,,,,,3.0,
KSB:Mamm:1719,Neotoma floridana,Neotoma,endoparasite,https://arctos.database.museum/guid/KSB:Mamm:1719/PID32591115,1 flea,ethanol 100%,excellent,1,1.0,,,,,,
KSB:Mamm:1721,Neotoma floridana,Neotoma,ectoparasite,https://arctos.database.museum/guid/KSB:Mamm:1721/PID32591127,1 tick,ethanol 100%,excellent,1,,,1.0,,,,
KSB:Mamm:1722,Neotoma floridana,Neotoma,ectoparasite,https://arctos.database.museum/guid/KSB:Mamm:1722/PID32591135,2 fleas,ethanol 100%,excellent,1,2.0,,,,,,
KSB:Mamm:1722,Neotoma floridana,Neotoma,endoparasite,https://arctos.database.museum/guid/KSB:Mamm:1722/PID32591136,cestode,ethanol 100%,excellent,2,,,,,,,
KSB:Mamm:1724,Peromyscus leucopus,Peromyscus,ectoparasite,https://arctos.database.museum/guid/KSB:Mamm:1724/PID32591148,4 ticks,ethanol 100%,excellent,1,,,4.0,,,,
KSB:Mamm:1729,Peromyscus leucopus,Peromyscus,ectoparasite,https://arctos.database.museum/guid/KSB:Mamm:1729/PID32610624,"1 flea, 2 ticks",ethanol 100%,excellent,1,1.0,,2.0,,,,
KSB:Mamm:1733,Peromyscus leucopus,Peromyscus,ectoparasite,https://arctos.database.museum/guid/KSB:Mamm:1733/PID32832034,1 Tick,ethanol 100%,excellent,1,,,1.0,,,,
KSB:Mamm:1734,Peromyscus leucopus,Peromyscus,ectoparasite,https://arctos.database.museum/guid/KSB:Mamm:1734/PID32832057,4 Ticks,ethanol 100%,excellent,1,,,4.0,,,,
KSB:Mamm:1741,Peromyscus maniculatus,Peromyscus,ectoparasite,https://arctos.database.museum/guid/KSB:Mamm:1741/PID32832107,1 Flea,ethanol 100%,excellent,1,1.0,,,,,,
KSB:Mamm:1743,Neotoma floridana,Neotoma,ectoparasite,https://arctos.database.museum/guid/KSB:Mamm:1743/PID32832155,"1 Flea, 1 TIck",ethanol 100%,excellent,1,1.0,,1.0,,,,
KSB:Mamm:1757,Peromyscus leucopus,Peromyscus,ectoparasite,https://arctos.database.museum/guid/KSB:Mamm:1757/PID32832215,2 Ticks,ethanol 100%,excellent,1,,,2.0,,,,
KSB:Mamm:1758,Peromyscus leucopus,Peromyscus,ectoparasite,https://arctos.database.museum/guid/KSB:Mamm:1758/PID32832223,"1 Flea, 2 Tick",ethanol 100%,excellent,1,1.0,,2.0,,,,
KSB:Mamm:1789,Peromyscus leucopus,Peromyscus,ectoparasite,https://arctos.database.museum/guid/KSB:Mamm:1789/PID32917454,"1 flea, 1 tick",ethanol 95%,unknown,1,1.0,,1.0,,,,
KSB:Mamm:1791,Sciurus niger,Sciurus,ectoparasite,https://arctos.database.museum/guid/KSB:Mamm:1791/PID32917471,flea and tick,ethanol 95%,unknown,1,,,,,,,
KSB:Mamm:1792,Peromyscus maniculatus,Peromyscus,nematode,https://arctos.database.museum/guid/KSB:Mamm:1792/PID32917480,1 nematode,ethanol 80%,unknown,1,,,,,1.0,,
KSB:Mamm:1794,Peromyscus leucopus,Peromyscus,ectoparasite,https://arctos.database.museum/guid/KSB:Mamm:1794/PID32917499,2 ticks,ethanol 95%,unknown,1,,,2.0,,,,
KSB:Mamm:1795,Peromyscus leucopus,Peromyscus,ectoparasite,https://arctos.database.museum/guid/KSB:Mamm:1795/PID32917508,3 ticks,ethanol 95%,unknown,1,,,3.0,,,,
KSB:Mamm:1797,Peromyscus leucopus,Peromyscus,ectoparasite,https://arctos.database.museum/guid/KSB:Mamm:1797/PID32917525,2 ticks,ethanol 95%,unknown,1,,,2.0,,,,
KSB:Mamm:1798,Peromyscus maniculatus,Peromyscus,ectoparasite,https://arctos.database.museum/guid/KSB:Mamm:1798/PID32917535,2 ticks,ethanol 95%,unknown,1,,,2.0,,,,
KSB:Mamm:1799,Peromyscus leucopus,Peromyscus,ectoparasite,https://arctos.database.museum/guid/KSB:Mamm:1799/PID32917544,2 tick,ethanol 95%,unknown,1,,,2.0,,,,
KSB:Mamm:1802,Peromyscus leucopus,Peromyscus,ectoparasite,https://arctos.database.museum/guid/KSB:Mamm:1802/PID32917572,flea and tick,ethanol 95%,unknown,1,,,,,,,
KSB:Mamm:1802,Peromyscus leucopus,Peromyscus,cestode,https://arctos.database.museum/guid/KSB:Mamm:1802/PID32917573,3 cestodes found in liver,ethanol 80%,unknown,1,,,,,,3.0,
KSB:Mamm:1803,Peromyscus leucopus,Peromyscus,ectoparasite,https://arctos.database.museum/guid/KSB:Mamm:1803/PID32917582,"1 flea, 1 tick",ethanol 95%,unknown,1,1.0,,1.0,,,,
KSB:Mamm:1804,Peromyscus leucopus,Peromyscus,ectoparasite,https://arctos.database.museum/guid/KSB:Mamm:1804/PID32917591,flea and tick,ethanol 95%,unknown,1,,,,,,,
KSB:Mamm:1805,Peromyscus leucopus,Peromyscus,ectoparasite,https://arctos.database.museum/guid/KSB:Mamm:1805/PID32917600,2 ticks,ethanol 95%,unknown,1,,,2.0,,,,
KSB:Mamm:1806,Peromyscus leucopus,Peromyscus,ectoparasite,https://arctos.database.museum/guid/KSB:Mamm:1806/PID32917609,2 ticks,ethanol 95%,unknown,1,,,2.0,,,,
KSB:Mamm:1807,Peromyscus leucopus,Peromyscus,nematode,https://arctos.database.museum/guid/KSB:Mamm:1807/PID32917618,3 nematodes found in small intestine,ethanol 80%,unknown,1,,,,,3.0,,
KSB:Mamm:1808,Peromyscus leucopus,Peromyscus,ectoparasite,https://arctos.database.museum/guid/KSB:Mamm:1808/PID32917627,"1 flea, 2 ticks",ethanol 95%,unknown,1,1.0,,2.0,,,,
KSB:Mamm:1809,Peromyscus leucopus,Peromyscus,ectoparasite,https://arctos.database.museum/guid/KSB:Mamm:1809/PID32917636,1 tick,ethanol 95%,unknown,1,,,1.0,,,,
KSB:Mamm:1811,Neotoma floridana,Neotoma,ectoparasite,https://arctos.database.museum/guid/KSB:Mamm:1811/PID32917653,1 flea,ethanol 95%,unknown,1,1.0,,,,,,
KSB:Mamm:1811,Neotoma floridana,Neotoma,cestode,https://arctos.database.museum/guid/KSB:Mamm:1811/PID32917654,1 cestode found in small intestine,ethanol 80%,unknown,1,,,,,,1.0,
KSB:Mamm:1812,Peromyscus leucopus,Peromyscus,ectoparasite,https://arctos.database.museum/guid/KSB:Mamm:1812/PID32917663,"2 fleas, 1 tick",ethanol 95%,unknown,1,2.0,,1.0,,,,
KSB:Mamm:1814,Peromyscus leucopus,Peromyscus,ectoparasite,https://arctos.database.museum/guid/KSB:Mamm:1814/PID32917681,2 ticks,ethanol 95%,unknown,1,,,2.0,,,,
KSB:Mamm:1815,Peromyscus leucopus,Peromyscus,ectoparasite,https://arctos.database.museum/guid/KSB:Mamm:1815/PID32917690,1 tick,ethanol 95%,unknown,1,,,1.0,,,,
KSB:Mamm:1816,Peromyscus leucopus,Peromyscus,ectoparasite,https://arctos.database.museum/guid/KSB:Mamm:1816/PID32917699,"1 flea, 2 ticks",ethanol 95%,unknown,1,1.0,,2.0,,,,
KSB:Mamm:1817,Peromyscus leucopus,Peromyscus,ectoparasite,https://arctos.database.museum/guid/KSB:Mamm:1817/PID32917708,2 ticks,ethanol 95%,unknown,1,,,2.0,,,,
KSB:Mamm:1818,Neotoma floridana,Neotoma,ectoparasite,https://arctos.database.museum/guid/KSB:Mamm:1818/PID32917717,"flea, 1 tick",ethanol 95%,unknown,1,,,1.0,,,,
KSB:Mamm:1820,Peromyscus leucopus,Peromyscus,ectoparasite,https://arctos.database.museum/guid/KSB:Mamm:1820/PID32917734,2 fleas,ethanol 95%,unknown,1,2.0,,,,,,
KSB:Mamm:1821,Peromyscus leucopus,Peromyscus,ectoparasite,https://arctos.database.museum/guid/KSB:Mamm:1821/PID32917743,1 tick,ethanol 95%,unknown,1,,,1.0,,,,
KSB:Mamm:1822,Peromyscus leucopus,Peromyscus,ectoparasite,https://arctos.database.museum/guid/KSB:Mamm:1822/PID32917752,2 ticks,ethanol 95%,unknown,1,,,2.0,,,,
KSB:Mamm:1823,Peromyscus maniculatus,Peromyscus,ectoparasite,https://arctos.database.museum/guid/KSB:Mamm:1823/PID32917761,tick,ethanol 95%,unknown,1,,,,,,,
KSB:Mamm:1824,Peromyscus maniculatus,Peromyscus,ectoparasite,https://arctos.database.museum/guid/KSB:Mamm:1824/PID32917770,1 tick,ethanol 95%,unknown,1,,,1.0,,,,
KSB:Mamm:1825,Peromyscus maniculatus,Peromyscus,ectoparasite,https://arctos.database.museum/guid/KSB:Mamm:1825/PID32917779,1 tick,ethanol 95%,unknown,1,,,1.0,,,,
KSB:Mamm:1826,Sigmodon hispidus,Sigmodon,ectoparasite,https://arctos.database.museum/guid/KSB:Mamm:1826/PID32917788,"1 flea, 2 tick",ethanol 95%,unknown,1,1.0,,2.0,,,,
KSB:Mamm:1826,Sigmodon hispidus,Sigmodon,cestode,https://arctos.database.museum/guid/KSB:Mamm:1826/PID32917789,many cestodes,ethanol 80%,unknown,1,,,,,,,
KSB:Mamm:1826,Sigmodon hispidus,Sigmodon,cestode,https://arctos.database.museum/guid/KSB:Mamm:1826/PID32917790,1 cestode,ethanol 80%,unknown,1,,,,,,1.0,
KSB:Mamm:1826,Sigmodon hispidus,Sigmodon,trematode,https://arctos.database.museum/guid/KSB:Mamm:1826/PID32917791,,ethanol 80%,unknown,1,,,,,,,
KSB:Mamm:1827,Neotoma floridana,Neotoma,ectoparasite,https://arctos.database.museum/guid/KSB:Mamm:1827/PID32917803,"3 flea, mange",ethanol 95%,unknown,1,3.0,,,,,,
KSB:Mamm:1827,Neotoma floridana,Neotoma,cestode,https://arctos.database.museum/guid/KSB:Mamm:1827/PID32917804,1 cestode found in small intestine,ethanol 80%,unknown,1,,,,,,1.0,
KSB:Mamm:1828,Sigmodon hispidus,Sigmodon,cestode,https://arctos.database.museum/guid/KSB:Mamm:1828/PID32917814,1 cestode,ethanol 80%,unknown,1,,,,,,1.0,
KSB:Mamm:1829,Peromyscus leucopus,Peromyscus,ectoparasite,https://arctos.database.museum/guid/KSB:Mamm:1829/PID32917823,"1 flea, 1 tick",ethanol 95%,unknown,1,1.0,,1.0,,,,
KSB:Mamm:1830,Neotoma floridana,Neotoma,ectoparasite,https://arctos.database.museum/guid/KSB:Mamm:1830/PID32917832,"2 mites, 1 tick",ethanol 95%,unknown,1,,2.0,1.0,,,,
KSB:Mamm:1831,Neotoma floridana,Neotoma,ectoparasite,https://arctos.database.museum/guid/KSB:Mamm:1831/PID32917841,"2 fleas, mange",ethanol 95%,unknown,1,2.0,,,,,,
KSB:Mamm:1832,Peromyscus maniculatus,Peromyscus,ectoparasite,https://arctos.database.museum/guid/KSB:Mamm:1832/PID32917851,3 ticks,ethanol 95%,unknown,1,,,3.0,,,,
KSB:Mamm:1833,Peromyscus leucopus,Peromyscus,ectoparasite,https://arctos.database.museum/guid/KSB:Mamm:1833/PID32917861,tick,ethanol 95%,unknown,1,,,,,,,
KSB:Mamm:1834,Peromyscus leucopus,Peromyscus,ectoparasite,https://arctos.database.museum/guid/KSB:Mamm:1834/PID32917870,2 ticks,ethanol 95%,unknown,1,,,2.0,,,,
KSB:Mamm:1835,Sigmodon hispidus,Sigmodon,ectoparasite,https://arctos.database.museum/guid/KSB:Mamm:1835/PID32917883,1 flea,ethanol 95%,unknown,1,1.0,,,,,,
KSB:Mamm:1835,Sigmodon hispidus,Sigmodon,cestode,https://arctos.database.museum/guid/KSB:Mamm:1835/PID32917884,2 cestodes found in small intestine,ethanol 80%,unknown,1,,,,,,2.0,
KSB:Mamm:1836,Peromyscus leucopus,Peromyscus,ectoparasite,https://arctos.database.museum/guid/KSB:Mamm:1836/PID32917894,"1 flea, 1 tick",ethanol 95%,unknown,1,1.0,,1.0,,,,
KSB:Mamm:1837,Sigmodon hispidus,Sigmodon,ectoparasite,https://arctos.database.museum/guid/KSB:Mamm:1837/PID32917903,"1 flea, 5 mites",ethanol 95%,unknown,1,1.0,5.0,,,,,
KSB:Mamm:1837,Sigmodon hispidus,Sigmodon,cestode,https://arctos.database.museum/guid/KSB:Mamm:1837/PID32917904,3 cestodes found in small intestine,ethanol 80%,unknown,1,,,,,,3.0,
KSB:Mamm:1838,Sigmodon hispidus,Sigmodon,ectoparasite,https://arctos.database.museum/guid/KSB:Mamm:1838/PID32917914,"2 fleas, 2 mites, 1 tick",ethanol 95%,unknown,1,2.0,2.0,1.0,,,,
KSB:Mamm:1838,Sigmodon hispidus,Sigmodon,cestode,https://arctos.database.museum/guid/KSB:Mamm:1838/PID32917915,7 cestodes found in small intestine,ethanol 80%,unknown,1,,,,,,7.0,
KSB:Mamm:1839,Sigmodon hispidus,Sigmodon,cestode,https://arctos.database.museum/guid/KSB:Mamm:1839/PID32917925,cestode found in small intestine,ethanol 80%,unknown,1,,,,,,,
KSB:Mamm:1840,Sigmodon hispidus,Sigmodon,ectoparasite,https://arctos.database.museum/guid/KSB:Mamm:1840/PID32917935,"1 flea, 1 mite",ethanol 95%,unknown,1,1.0,1.0,,,,,
KSB:Mamm:1840,Sigmodon hispidus,Sigmodon,cestode,https://arctos.database.museum/guid/KSB:Mamm:1840/PID32917936,3 cestodes found in small intestine,ethanol 80%,unknown,1,,,,,,3.0,
KSB:Mamm:1841,Sigmodon hispidus,Sigmodon,ectoparasite,https://arctos.database.museum/guid/KSB:Mamm:1841/PID32917945,"1 mite, 1 tick",ethanol 95%,unknown,1,,1.0,1.0,,,,
KSB:Mamm:1841,Sigmodon hispidus,Sigmodon,cestode,https://arctos.database.museum/guid/KSB:Mamm:1841/PID32917946,cestode found in small intestine,ethanol 80%,unknown,1,,,,,,,
KSB:Mamm:1841,Sigmodon hispidus,Sigmodon,endoparasite,https://arctos.database.museum/guid/KSB:Mamm:1841/PID32917947,endo in groin collected by RLG,ethanol 80%,unknown,1,,,,,,,
KSB:Mamm:1842,Sigmodon hispidus,Sigmodon,ectoparasite,https://arctos.database.museum/guid/KSB:Mamm:1842/PID32917956,"3 mites, 3 ticks",ethanol 95%,unknown,1,,3.0,3.0,,,,
KSB:Mamm:1842,Sigmodon hispidus,Sigmodon,cestode,https://arctos.database.museum/guid/KSB:Mamm:1842/PID32917957,5 cestodes found in small intestine,ethanol 80%,unknown,1,,,,,,5.0,
KSB:Mamm:1843,Sigmodon hispidus,Sigmodon,ectoparasite,https://arctos.database.museum/guid/KSB:Mamm:1843/PID32917966,"7 mites, 6 ticks",ethanol 95%,unknown,1,,7.0,6.0,,,,
KSB:Mamm:1843,Sigmodon hispidus,Sigmodon,nematode,https://arctos.database.museum/guid/KSB:Mamm:1843/PID32917967,1 nematode found in stomach,ethanol 80%,unknown,1,,,,,1.0,,
KSB:Mamm:1843,Sigmodon hispidus,Sigmodon,cestode,https://arctos.database.museum/guid/KSB:Mamm:1843/PID32917968,5 cestodes found in small intestine,ethanol 80%,unknown,1,,,,,,5.0,
KSB:Mamm:1844,Sigmodon hispidus,Sigmodon,ectoparasite,https://arctos.database.museum/guid/KSB:Mamm:1844/PID32917979,"1 mite, 2 tick",ethanol 95%,unknown,1,,1.0,2.0,,,,
KSB:Mamm:1844,Sigmodon hispidus,Sigmodon,cestode,https://arctos.database.museum/guid/KSB:Mamm:1844/PID32917980,6 cestodes found in small intestine,ethanol 80%,unknown,1,,,,,,6.0,
KSB:Mamm:1845,Sigmodon hispidus,Sigmodon,ectoparasite,https://arctos.database.museum/guid/KSB:Mamm:1845/PID32917989,6 mites,ethanol 95%,unknown,1,,6.0,,,,,
KSB:Mamm:1845,Sigmodon hispidus,Sigmodon,cestode,https://arctos.database.museum/guid/KSB:Mamm:1845/PID32917990,4 cestodes found in small intestine,ethanol 80%,unknown,1,,,,,,4.0,
KSB:Mamm:1846,Sigmodon hispidus,Sigmodon,ectoparasite,https://arctos.database.museum/guid/KSB:Mamm:1846/PID32918000,4 mites,ethanol 95%,unknown,1,,4.0,,,,,
KSB:Mamm:1847,Sigmodon hispidus,Sigmodon,ectoparasite,https://arctos.database.museum/guid/KSB:Mamm:1847/PID32918010,"1 mite, 1 tick",ethanol 95%,unknown,1,,1.0,1.0,,,,
KSB:Mamm:1847,Sigmodon hispidus,Sigmodon,cestode,https://arctos.database.museum/guid/KSB:Mamm:1847/PID32918011,3 cestodes found in small intestine,ethanol 80%,unknown,1,,,,,,3.0,
KSB:Mamm:1848,Sigmodon hispidus,Sigmodon,ectoparasite,https://arctos.database.museum/guid/KSB:Mamm:1848/PID32918021,"6 mite, 2 tick",ethanol 95%,unknown,1,,6.0,2.0,,,,
KSB:Mamm:1848,Sigmodon hispidus,Sigmodon,cestode,https://arctos.database.museum/guid/KSB:Mamm:1848/PID32918022,3 cestodes found in small intestine,ethanol 80%,unknown,1,,,,,,3.0,
KSB:Mamm:1849,Sylvilagus floridanus,Sylvilagus,ectoparasite,https://arctos.database.museum/guid/KSB:Mamm:1849/PID32918031,46 ticks,ethanol 95%,unknown,1,,,46.0,,,,
KSB:Mamm:1849,Sylvilagus floridanus,Sylvilagus,cestode,https://arctos.database.museum/guid/KSB:Mamm:1849/PID32918032,partial cestode,ethanol 80%,unknown,1,,,,,,,
KSB:Mamm:1849,Sylvilagus floridanus,Sylvilagus,cestode,https://arctos.database.museum/guid/KSB:Mamm:1849/PID32918033,partial cestode,ethanol 80%,unknown,1,,,,,,,
KSB:Mamm:1849,Sylvilagus floridanus,Sylvilagus,nematode,https://arctos.database.museum/guid/KSB:Mamm:1849/PID32918034,nematode found in stomach,ethanol 80%,unknown,1,,,,,,,
KSB:Mamm:1849,Sylvilagus floridanus,Sylvilagus,trematode,https://arctos.database.museum/guid/KSB:Mamm:1849/PID32931064,pinworms found in caecum,ethanol 80%,unknown,1,,,,,,,
KSB:Mamm:1849,Sylvilagus floridanus,Sylvilagus,cestode,https://arctos.database.museum/guid/KSB:Mamm:1849/PID32931066,cestode found in small intestine,ethanol 80%,unknown,1,,,,,,,
KSB:Mamm:1850,Peromyscus leucopus,Peromyscus,ectoparasite,https://arctos.database.museum/guid/KSB:Mamm:1850/PID32918043,"1 flea, 1 tick | found in crotch",ethanol 95%,unknown,1,1.0,,1.0,,,,
KSB:Mamm:1851,Peromyscus leucopus,Peromyscus,ectoparasite,https://arctos.database.museum/guid/KSB:Mamm:1851/PID32918053,tick,ethanol 95%,unknown,1,,,,,,,
KSB:Mamm:1853,Neotoma floridana,Neotoma,ectoparasite,https://arctos.database.museum/guid/KSB:Mamm:1853/PID32918070,flea,ethanol 95%,unknown,1,,,,,,,
KSB:Mamm:1854,Neotoma floridana,Neotoma,ectoparasite,https://arctos.database.museum/guid/KSB:Mamm:1854/PID32918081,flea and maybe mange,ethanol 95%,unknown,1,,,,,,,
KSB:Mamm:1855,Peromyscus leucopus,Peromyscus,ectoparasite,https://arctos.database.museum/guid/KSB:Mamm:1855/PID32918091,2 fleas,ethanol 95%,unknown,1,2.0,,,,,,
KSB:Mamm:1855,Peromyscus leucopus,Peromyscus,cestode,https://arctos.database.museum/guid/KSB:Mamm:1855/PID32918092,1 cestode found in liver,ethanol 80%,unknown,1,,,,,,1.0,
KSB:Mamm:1856,Peromyscus leucopus,Peromyscus,ectoparasite,https://arctos.database.museum/guid/KSB:Mamm:1856/PID32918101,1 tick,ethanol 95%,unknown,1,,,1.0,,,,
KSB:Mamm:1857,Peromyscus leucopus,Peromyscus,ectoparasite,https://arctos.database.museum/guid/KSB:Mamm:1857/PID32918110,"1 flea, 2 ticks",ethanol 95%,unknown,1,1.0,,2.0,,,,
KSB:Mamm:1858,Sigmodon hispidus,Sigmodon,ectoparasite,https://arctos.database.museum/guid/KSB:Mamm:1858/PID32918119,"1 flea, 2 mite, 4 tick",ethanol 95%,unknown,1,1.0,2.0,4.0,,,,
KSB:Mamm:1860,Sigmodon hispidus,Sigmodon,ectoparasite,https://arctos.database.museum/guid/KSB:Mamm:1860/PID32919509,"6 mites, 1 tick",ethanol 95%,unknown,1,,6.0,1.0,,,,
KSB:Mamm:1860,Sigmodon hispidus,Sigmodon,nematode,https://arctos.database.museum/guid/KSB:Mamm:1860/PID32919510,nematode found in stomach,ethanol 80%,unknown,1,,,,,,,
KSB:Mamm:1861,Peromyscus leucopus,Peromyscus,ectoparasite,https://arctos.database.museum/guid/KSB:Mamm:1861/PID32919519,3 fleas,ethanol 95%,unknown,1,3.0,,,,,,
KSB:Mamm:1862,Peromyscus leucopus,Peromyscus,ectoparasite,https://arctos.database.museum/guid/KSB:Mamm:1862/PID32919528,"2 mite, 2 tick",ethanol 95%,unknown,1,,2.0,2.0,,,,
KSB:Mamm:1863,Sigmodon hispidus,Sigmodon,cestode,https://arctos.database.museum/guid/KSB:Mamm:1863/PID32919539,,ethanol 80%,unknown,1,,,,,,,
KSB:Mamm:1863,Sigmodon hispidus,Sigmodon,cestode,https://arctos.database.museum/guid/KSB:Mamm:1863/PID32919540,,ethanol 80%,unknown,1,,,,,,,
KSB:Mamm:1863,Sigmodon hispidus,Sigmodon,ectoparasite,https://arctos.database.museum/guid/KSB:Mamm:1863/PID32919537,flea and tick,ethanol 95%,unknown,1,,,,,,,
KSB:Mamm:1863,Sigmodon hispidus,Sigmodon,trematode,https://arctos.database.museum/guid/KSB:Mamm:1863/PID32919538,found in caecum,ethanol 80%,unknown,1,,,,,,,
KSB:Mamm:1865,Neotoma floridana,Neotoma,cestode,https://arctos.database.museum/guid/KSB:Mamm:1865/PID32919557,found in small intestine,ethanol 80%,unknown,1,,,,,,,
KSB:Mamm:1866,Peromyscus leucopus,Peromyscus,ectoparasite,https://arctos.database.museum/guid/KSB:Mamm:1866/PID32919566,"2 fleas, 1 tick",ethanol 95%,unknown,1,2.0,,1.0,,,,
KSB:Mamm:1868,Neotoma floridana,Neotoma,ectoparasite,https://arctos.database.museum/guid/KSB:Mamm:1868/PID32919583,"flea, 2 tick",ethanol 95%,unknown,1,,,2.0,,,,
KSB:Mamm:1869,Sigmodon hispidus,Sigmodon,ectoparasite,https://arctos.database.museum/guid/KSB:Mamm:1869/PID32919592,3 ticks,ethanol 95%,unknown,1,,,3.0,,,,
KSB:Mamm:1869,Sigmodon hispidus,Sigmodon,cestode,https://arctos.database.museum/guid/KSB:Mamm:1869/PID32919593,3 cestodes found in small intestine,ethanol 80%,unknown,1,,,,,,3.0,
KSB:Mamm:1870,Sigmodon hispidus,Sigmodon,ectoparasite,https://arctos.database.museum/guid/KSB:Mamm:1870/PID32919602,"1 flea, mite",ethanol 95%,unknown,1,1.0,,,,,,
KSB:Mamm:1870,Sigmodon hispidus,Sigmodon,cestode,https://arctos.database.museum/guid/KSB:Mamm:1870/PID32919603,10 cestodes found in small intestine,ethanol 80%,unknown,1,,,,,,10.0,
KSB:Mamm:1871,Neotoma floridana,Neotoma,ectoparasite,https://arctos.database.museum/guid/KSB:Mamm:1871/PID32919612,flea,ethanol 95%,unknown,1,,,,,,,
KSB:Mamm:1871,Neotoma floridana,Neotoma,cestode,https://arctos.database.museum/guid/KSB:Mamm:1871/PID32919613,cestode,ethanol 80%,unknown,1,,,,,,,
KSB:Mamm:1874,Peromyscus leucopus,Peromyscus,ectoparasite,https://arctos.database.museum/guid/KSB:Mamm:1874/PID32919641,2 ticks,ethanol 95%,unknown,1,,,2.0,,,,
KSB:Mamm:1876,Sigmodon hispidus,Sigmodon,ectoparasite,https://arctos.database.museum/guid/KSB:Mamm:1876/PID32919658,"1 flea, mite",ethanol 95%,unknown,1,1.0,,,,,,
KSB:Mamm:1876,Sigmodon hispidus,Sigmodon,cestode,https://arctos.database.museum/guid/KSB:Mamm:1876/PID32919659,cestode found in small intestine,ethanol 80%,unknown,1,,,,,,,
KSB:Mamm:1877,Sigmodon hispidus,Sigmodon,cestode,https://arctos.database.museum/guid/KSB:Mamm:1877/PID32919668,6 cestodes found in small intestine,ethanol 80%,unknown,1,,,,,,6.0,
KSB:Mamm:1878,Neotoma floridana,Neotoma,ectoparasite,https://arctos.database.museum/guid/KSB:Mamm:1878/PID32919678,"3 fleas, 2 mites",ethanol 95%,unknown,1,3.0,2.0,,,,,
KSB:Mamm:1879,Sigmodon hispidus,Sigmodon,ectoparasite,https://arctos.database.museum/guid/KSB:Mamm:1879/PID32919687,1 tick,ethanol 95%,unknown,1,,,1.0,,,,
KSB:Mamm:1879,Sigmodon hispidus,Sigmodon,cestode,https://arctos.database.museum/guid/KSB:Mamm:1879/PID32919688,1 cestode found in small intestine,ethanol 80%,unknown,1,,,,,,1.0,
KSB:Mamm:1880,Peromyscus maniculatus,Peromyscus,ectoparasite,https://arctos.database.museum/guid/KSB:Mamm:1880/PID32919699,2 ticks,ethanol 95%,unknown,1,,,2.0,,,,
KSB:Mamm:1929,Peromyscus leucopus,Peromyscus,ectoparasite,https://arctos.database.museum/guid/KSB:Mamm:1929/PID32960556,1 tick,ethanol 95%,unknown,1,,,1.0,,,,
KSB:Mamm:1929,Peromyscus leucopus,Peromyscus,trematode,https://arctos.database.museum/guid/KSB:Mamm:1929/PID32960557,found in the subcutaneous tissue of the rostrum,ethanol 80%,unknown,1,,,,,,,
KSB:Mamm:1930,Peromyscus maniculatus,Peromyscus,ectoparasite,https://arctos.database.museum/guid/KSB:Mamm:1930/PID32960565,1 tick,ethanol 95%,unknown,1,,,1.0,,,,
KSB:Mamm:1931,Peromyscus maniculatus,Peromyscus,nematode,https://arctos.database.museum/guid/KSB:Mamm:1931/PID32960573,1 nematode found in the small intestine,ethanol 80%,unknown,1,,,,,1.0,,
KSB:Mamm:1933,Peromyscus leucopus,Peromyscus,ectoparasite,https://arctos.database.museum/guid/KSB:Mamm:1933/PID32960590,1 mite,ethanol 95%,unknown,1,,1.0,,,,,
KSB:Mamm:1935,Sigmodon hispidus,Sigmodon,ectoparasite,https://arctos.database.museum/guid/KSB:Mamm:1935/PID32960611,4 mites and mite eggs on ears,ethanol 95%,unknown,1,,4.0,,,,,
KSB:Mamm:1935,Sigmodon hispidus,Sigmodon,nematode,https://arctos.database.museum/guid/KSB:Mamm:1935/PID32960612,1 nematode found in stomach,ethanol 80%,unknown,1,,,,,1.0,,
KSB:Mamm:1935,Sigmodon hispidus,Sigmodon,cestode,https://arctos.database.museum/guid/KSB:Mamm:1935/PID32960613,,ethanol 80%,unknown,1,,,,,,,
KSB:Mamm:1936,Sigmodon hispidus,Sigmodon,ectoparasite,https://arctos.database.museum/guid/KSB:Mamm:1936/PID32960625,6 mites and mite eggs,ethanol 95%,unknown,1,,6.0,,,,,
KSB:Mamm:1937,Neotoma floridana,Neotoma,ectoparasite,https://arctos.database.museum/guid/KSB:Mamm:1937/PID32960634,4 mites and mite eggs found on ears,ethanol 95%,unknown,1,,4.0,,,,,
KSB:Mamm:1938,Peromyscus leucopus,Peromyscus,ectoparasite,https://arctos.database.museum/guid/KSB:Mamm:1938/PID32960643,2 ticks,ethanol 95%,unknown,1,,,2.0,,,,
KSB:Mamm:1939,Peromyscus leucopus,Peromyscus,cestode,https://arctos.database.museum/guid/KSB:Mamm:1939/PID32960652,2 cestodes found in small intestine,ethanol 80%,unknown,1,,,,,,2.0,
KSB:Mamm:1941,Peromyscus leucopus,Peromyscus,ectoparasite,https://arctos.database.museum/guid/KSB:Mamm:1941/PID32960669,2 mites,ethanol 95%,unknown,1,,2.0,,,,,
KSB:Mamm:1942,Peromyscus leucopus,Peromyscus,ectoparasite,https://arctos.database.museum/guid/KSB:Mamm:1942/PID32960678,1 flea,ethanol 95%,unknown,1,1.0,,,,,,
KSB:Mamm:1943,Peromyscus leucopus,Peromyscus,nematode,https://arctos.database.museum/guid/KSB:Mamm:1943/PID32960687,3 nematodes found in subcutaneous tissue in the rostrum,ethanol 80%,unknown,1,,,,,3.0,,
KSB:Mamm:1943,Peromyscus leucopus,Peromyscus,trematode,https://arctos.database.museum/guid/KSB:Mamm:1943/PID32960688,trematode found in small intestine,ethanol 80%,unknown,1,,,,,,,
KSB:Mamm:1944,Peromyscus leucopus,Peromyscus,ectoparasite,https://arctos.database.museum/guid/KSB:Mamm:1944/PID32960697,1 tick,ethanol 95%,unknown,1,,,1.0,,,,
KSB:Mamm:1944,Peromyscus leucopus,Peromyscus,cestode,https://arctos.database.museum/guid/KSB:Mamm:1944/PID32960698,1 cestode found in small intestine,ethanol 80%,unknown,1,,,,,,1.0,
KSB:Mamm:1947,Sigmodon hispidus,Sigmodon,ectoparasite,https://arctos.database.museum/guid/KSB:Mamm:1947/PID32960723,tick,ethanol 95%,unknown,1,,,,,,,
KSB:Mamm:1947,Sigmodon hispidus,Sigmodon,nematode,https://arctos.database.museum/guid/KSB:Mamm:1947/PID32960724,3 nematodes found in stomach; 1 nematode found in abdomen,ethanol 80%,unknown,1,,,,,3.0,,
KSB:Mamm:1947,Sigmodon hispidus,Sigmodon,cestode,https://arctos.database.museum/guid/KSB:Mamm:1947/PID32960725,cestode found in small intestine,ethanol 80%,unknown,1,,,,,,,
KSB:Mamm:1948,Neotoma floridana,Neotoma,ectoparasite,https://arctos.database.museum/guid/KSB:Mamm:1948/PID32960735,botfly,ethanol 95%,unknown,1,,,,,,,
KSB:Mamm:1948,Neotoma floridana,Neotoma,ectoparasite,https://arctos.database.museum/guid/KSB:Mamm:1948/PID32960736,botfly,ethanol 95%,unknown,1,,,,,,,
KSB:Mamm:1948,Neotoma floridana,Neotoma,cestode,https://arctos.database.museum/guid/KSB:Mamm:1948/PID32960737,2 cestodes found in small intestine,ethanol 80%,unknown,1,,,,,,2.0,
KSB:Mamm:1949,Sigmodon hispidus,Sigmodon,ectoparasite,https://arctos.database.museum/guid/KSB:Mamm:1949/PID32960746,"1 mite, 2 tick",ethanol 95%,unknown,1,,1.0,2.0,,,,
KSB:Mamm:1950,Sigmodon hispidus,Sigmodon,ectoparasite,https://arctos.database.museum/guid/KSB:Mamm:1950/PID32960755,2 mites,ethanol 95%,unknown,1,,2.0,,,,,
KSB:Mamm:1950,Sigmodon hispidus,Sigmodon,cestode,https://arctos.database.museum/guid/KSB:Mamm:1950/PID32960756,1 cestode found in small intestine,ethanol 80%,unknown,1,,,,,,1.0,
KSB:Mamm:1950,Sigmodon hispidus,Sigmodon,nematode,https://arctos.database.museum/guid/KSB:Mamm:1950/PID32960758,1 nematode found in stomach,ethanol 80%,unknown,1,,,,,1.0,,
KSB:Mamm:1950,Sigmodon hispidus,Sigmodon,trematode,https://arctos.database.museum/guid/KSB:Mamm:1950/PID32960757,1 trematode found in small intestine,ethanol 80%,unknown,1,,,,,,,1.0
KSB:Mamm:1951,Sigmodon hispidus,Sigmodon,ectoparasite,https://arctos.database.museum/guid/KSB:Mamm:1951/PID32960767,1 tick,ethanol 95%,unknown,1,,,1.0,,,,
KSB:Mamm:1951,Sigmodon hispidus,Sigmodon,nematode,https://arctos.database.museum/guid/KSB:Mamm:1951/PID32960768,nematode found in stomach,ethanol 80%,unknown,1,,,,,,,
KSB:Mamm:1952,Sigmodon hispidus,Sigmodon,ectoparasite,https://arctos.database.museum/guid/KSB:Mamm:1952/PID32960777,"8 mites, 1 tick",ethanol 95%,unknown,1,,8.0,1.0,,,,
KSB:Mamm:1952,Sigmodon hispidus,Sigmodon,cestode,https://arctos.database.museum/guid/KSB:Mamm:1952/PID32960778,cestode found in small intestine,ethanol 80%,unknown,1,,,,,,,
KSB:Mamm:1953,Sigmodon hispidus,Sigmodon,ectoparasite,https://arctos.database.museum/guid/KSB:Mamm:1953/PID32960787,7 mite and mite eggs,ethanol 95%,unknown,1,,7.0,,,,,
KSB:Mamm:1953,Sigmodon hispidus,Sigmodon,nematode,https://arctos.database.museum/guid/KSB:Mamm:1953/PID32960788,nematode found in stomach,ethanol 80%,unknown,1,,,,,,,
KSB:Mamm:1953,Sigmodon hispidus,Sigmodon,cestode,https://arctos.database.museum/guid/KSB:Mamm:1953/PID32960789,1 cestode found in small intestine,ethanol 80%,unknown,1,,,,,,1.0,
KSB:Mamm:1953,Sigmodon hispidus,Sigmodon,nematode,https://arctos.database.museum/guid/KSB:Mamm:1953/PID32960790,nematode found in caecum,ethanol 80%,unknown,1,,,,,,,
KSB:Mamm:1954,Sigmodon hispidus,Sigmodon,ectoparasite,https://arctos.database.museum/guid/KSB:Mamm:1954/PID32960800,1 mite,ethanol 95%,unknown,1,,1.0,,,,,
KSB:Mamm:1954,Sigmodon hispidus,Sigmodon,cestode,https://arctos.database.museum/guid/KSB:Mamm:1954/PID32960801,2 cestodes found in small intestine,ethanol 80%,unknown,1,,,,,,2.0,
KSB:Mamm:1955,Sigmodon hispidus,Sigmodon,ectoparasite,https://arctos.database.museum/guid/KSB:Mamm:1955/PID32960811,3 mites and mite eggs,ethanol 95%,unknown,1,,3.0,,,,,
KSB:Mamm:1955,Sigmodon hispidus,Sigmodon,nematode,https://arctos.database.museum/guid/KSB:Mamm:1955/PID32960812,3 nematodes found in stomach,ethanol 80%,unknown,1,,,,,3.0,,
KSB:Mamm:1957,Peromyscus leucopus,Peromyscus,ectoparasite,https://arctos.database.museum/guid/KSB:Mamm:1957/PID32960832,1 mite,ethanol 95%,unknown,1,,1.0,,,,,
KSB:Mamm:1957,Peromyscus leucopus,Peromyscus,cestode,https://arctos.database.museum/guid/KSB:Mamm:1957/PID32960833,cestode found in cyst on liver,ethanol 80%,unknown,1,,,,,,,
KSB:Mamm:1959,Peromyscus leucopus,Peromyscus,ectoparasite,https://arctos.database.museum/guid/KSB:Mamm:1959/PID32960850,1 tick,ethanol 95%,unknown,1,,,1.0,,,,
KSB:Mamm:1960,Peromyscus leucopus,Peromyscus,ectoparasite,https://arctos.database.museum/guid/KSB:Mamm:1960/PID32960859,1 mite,ethanol 95%,unknown,1,,1.0,,,,,
KSB:Mamm:1961,Peromyscus maniculatus,Peromyscus,ectoparasite,https://arctos.database.museum/guid/KSB:Mamm:1961/PID32960868,2 tick,ethanol 95%,unknown,1,,,2.0,,,,
KSB:Mamm:1965,Peromyscus leucopus,Peromyscus,nematode,https://arctos.database.museum/guid/KSB:Mamm:1965/PID32960901,nematode found in caecum,ethanol 80%,unknown,1,,,,,,,
KSB:Mamm:1967,Sigmodon hispidus,Sigmodon,ectoparasite,https://arctos.database.museum/guid/KSB:Mamm:1967/PID32960918,6 mites,ethanol 95%,unknown,1,,6.0,,,,,
KSB:Mamm:1967,Sigmodon hispidus,Sigmodon,nematode,https://arctos.database.museum/guid/KSB:Mamm:1967/PID32960919,"nematodes found in stomach, caecum, and rostrum",ethanol 80%,unknown,1,,,,,,,
KSB:Mamm:1968,Neotoma floridana,Neotoma,ectoparasite,https://arctos.database.museum/guid/KSB:Mamm:1968/PID32960928,"1 flea, 3 mites, 2 ticks",ethanol 95%,unknown,1,1.0,3.0,2.0,,,,
KSB:Mamm:1970,Sigmodon hispidus,Sigmodon,ectoparasite,https://arctos.database.museum/guid/KSB:Mamm:1970/PID32960945,5 mites,ethanol 95%,unknown,1,,5.0,,,,,
KSB:Mamm:1971,Peromyscus leucopus,Peromyscus,ectoparasite,https://arctos.database.museum/guid/KSB:Mamm:1971/PID32960954,1 tick,ethanol 95%,unknown,1,,,1.0,,,,
KSB:Mamm:1972,Peromyscus leucopus,Peromyscus,ectoparasite,https://arctos.database.museum/guid/KSB:Mamm:1972/PID32960963,"1 mite, 1 tick",ethanol 95%,unknown,1,,1.0,1.0,,,,
KSB:Mamm:1972,Peromyscus leucopus,Peromyscus,ectoparasite,https://arctos.database.museum/guid/KSB:Mamm:1972/PID32960964,1 botfly,ethanol 95%,unknown,1,,,,,,,
KSB:Mamm:1972,Peromyscus leucopus,Peromyscus,nematode,https://arctos.database.museum/guid/KSB:Mamm:1972/PID32960965,sprial nematode found subcutaneous on rostrum,ethanol 80%,unknown,1,,,,,,,
KSB:Mamm:1972,Peromyscus leucopus,Peromyscus,trematode,https://arctos.database.museum/guid/KSB:Mamm:1972/PID32960966,trematodes found in body cavity,ethanol 80%,unknown,1,,,,,,,
KSB:Mamm:1973,Peromyscus leucopus,Peromyscus,ectoparasite,https://arctos.database.museum/guid/KSB:Mamm:1973/PID32960975,1 mite,ethanol 95%,unknown,1,,1.0,,,,,
KSB:Mamm:1973,Peromyscus leucopus,Peromyscus,nematode,https://arctos.database.museum/guid/KSB:Mamm:1973/PID32960976,1 nematode found in small intestine; 2 nematodes found in caecum,ethanol 80%,unknown,1,,,,,1.0,,
KSB:Mamm:1974,Peromyscus leucopus,Peromyscus,ectoparasite,https://arctos.database.museum/guid/KSB:Mamm:1974/PID32960985,"1 mite, 2 ticks",ethanol 95%,unknown,1,,1.0,2.0,,,,
KSB:Mamm:1975,Peromyscus leucopus,Peromyscus,ectoparasite,https://arctos.database.museum/guid/KSB:Mamm:1975/PID32960994,mite eggs,ethanol 95%,unknown,1,,,,,,,
KSB:Mamm:1976,Peromyscus leucopus,Peromyscus,ectoparasite,https://arctos.database.museum/guid/KSB:Mamm:1976/PID32961003,1 mite,ethanol 95%,unknown,1,,1.0,,,,,
KSB:Mamm:1977,Peromyscus leucopus,Peromyscus,ectoparasite,https://arctos.database.museum/guid/KSB:Mamm:1977/PID32961012,1 tick,ethanol 95%,unknown,1,,,1.0,,,,
KSB:Mamm:1979,Peromyscus leucopus,Peromyscus,ectoparasite,https://arctos.database.museum/guid/KSB:Mamm:1979/PID32966044,lice,ethanol 95%,unknown,1,,,,,,,
KSB:Mamm:1980,Sigmodon hispidus,Sigmodon,ectoparasite,https://arctos.database.museum/guid/KSB:Mamm:1980/PID32966053,mite,ethanol 95%,unknown,1,,,,,,,
KSB:Mamm:1982,Peromyscus leucopus,Peromyscus,ectoparasite,https://arctos.database.museum/guid/KSB:Mamm:1982/PID32966070,fleas,ethanol 95%,unknown,1,,,,,,,
KSB:Mamm:1983,Microtus ochrogaster,Microtus,ectoparasite,https://arctos.database.museum/guid/KSB:Mamm:1983/PID32966079,flea and mite,ethanol 95%,unknown,1,,,,,,,
KSB:Mamm:1984,Reithrodontomys montanus,Reithrodontomys,ectoparasite,https://arctos.database.museum/guid/KSB:Mamm:1984/PID32966088,"flea, mite, and tick",ethanol 95%,unknown,1,,,,,,,
KSB:Mamm:1985,Microtus ochrogaster,Microtus,cestode,https://arctos.database.museum/guid/KSB:Mamm:1985/PID32966097,1 cestode found in small intestine,ethanol 80%,unknown,1,,,,,,1.0,
KSB:Mamm:1985,Microtus ochrogaster,Microtus,ectoparasite,https://arctos.database.museum/guid/KSB:Mamm:1985/PID32966096,flea and mite,ethanol 95%,unknown,1,,,,,,,
KSB:Mamm:1986,Microtus ochrogaster,Microtus,ectoparasite,https://arctos.database.museum/guid/KSB:Mamm:1986/PID32966106,"flea, mite, and tick",ethanol 95%,unknown,1,,,,,,,
KSB:Mamm:1987,Microtus ochrogaster,Microtus,ectoparasite,https://arctos.database.museum/guid/KSB:Mamm:1987/PID32966115,mite and tick,ethanol 95%,unknown,1,,,,,,,
KSB:Mamm:1988,Microtus ochrogaster,Microtus,ectoparasite,https://arctos.database.museum/guid/KSB:Mamm:1988/PID32966124,flea and mite,ethanol 95%,unknown,1,,,,,,,
KSB:Mamm:1989,Peromyscus leucopus,Peromyscus,ectoparasite,https://arctos.database.museum/guid/KSB:Mamm:1989/PID32966132,flea and tick,ethanol 95%,unknown,1,,,,,,,
KSB:Mamm:1990,Peromyscus leucopus,Peromyscus,ectoparasite,https://arctos.database.museum/guid/KSB:Mamm:1990/PID32966141,flea and tick,ethanol 95%,unknown,1,,,,,,,
KSB:Mamm:1994,Sigmodon hispidus,Sigmodon,ectoparasite,https://arctos.database.museum/guid/KSB:Mamm:1994/PID32966171,mite,ethanol 95%,unknown,1,,,,,,,
KSB:Mamm:1995,Sigmodon hispidus,Sigmodon,ectoparasite,https://arctos.database.museum/guid/KSB:Mamm:1995/PID32966180,mite,ethanol 95%,unknown,1,,,,,,,
KSB:Mamm:1996,Neotoma floridana,Neotoma,ectoparasite,https://arctos.database.museum/guid/KSB:Mamm:1996/PID32966189,flea,ethanol 95%,unknown,1,,,,,,,
KSB:Mamm:1997,Sigmodon hispidus,Sigmodon,ectoparasite,https://arctos.database.museum/guid/KSB:Mamm:1997/PID32966197,flea and mite,ethanol 95%,unknown,1,,,,,,,
KSB:Mamm:1998,Sigmodon hispidus,Sigmodon,ectoparasite,https://arctos.database.museum/guid/KSB:Mamm:1998/PID32966205,fleas and mite,ethanol 95%,unknown,1,,,,,,,
KSB:Mamm:2000,Microtus ochrogaster,Microtus,ectoparasite,https://arctos.database.museum/guid/KSB:Mamm:2000/PID32966222,mites,ethanol 95%,unknown,1,,,,,,,
KSB:Mamm:2001,Microtus ochrogaster,Microtus,ectoparasite,https://arctos.database.museum/guid/KSB:Mamm:2001/PID32966231,flea and mites,ethanol 95%,unknown,1,,,,,,,
KSB:Mamm:2005,Peromyscus leucopus,Peromyscus,ectoparasite,https://arctos.database.museum/guid/KSB:Mamm:2005/PID32966265,flea,ethanol 95%,unknown,1,,,,,,,
KSB:Mamm:2028,Neotoma floridana,Neotoma,ectoparasite,https://arctos.database.museum/guid/KSB:Mamm:2028/PID33025920,"11 fleas, 1 tick",ethanol 95%,excellent,1,11.0,,1.0,,,,
KSB:Mamm:2136,Sigmodon hispidus,Sigmodon,ectoparasite,https://arctos.database.museum/guid/KSB:Mamm:2136/PID33168321,1 flea,ethanol 95%,unknown,1,1.0,,,,,,
KSB:Mamm:2137,Neotoma floridana,Neotoma,ectoparasite,https://arctos.database.museum/guid/KSB:Mamm:2137/PID33168329,2 fleas,ethanol 95%,unknown,1,2.0,,,,,,
KSB:Mamm:2138,Neotoma floridana,Neotoma,ectoparasite,https://arctos.database.museum/guid/KSB:Mamm:2138/PID33168338,fleas,ethanol 95%,unknown,1,,,,,,,
KSB:Mamm:2139,Sigmodon hispidus,Sigmodon,ectoparasite,https://arctos.database.museum/guid/KSB:Mamm:2139/PID33168347,"2 fleas, 1 tick",ethanol 95%,unknown,1,2.0,,1.0,,,,
KSB:Mamm:2140,Peromyscus leucopus,Peromyscus,ectoparasite,https://arctos.database.museum/guid/KSB:Mamm:2140/PID33168356,"1 flea, 2 ticks",ethanol 95%,unknown,1,1.0,,2.0,,,,
KSB:Mamm:2140,Peromyscus leucopus,Peromyscus,nematode,https://arctos.database.museum/guid/KSB:Mamm:2140/PID33168357,3 nematodes,ethanol 80%,unknown,1,,,,,3.0,,
KSB:Mamm:2140,Peromyscus leucopus,Peromyscus,nematode,https://arctos.database.museum/guid/KSB:Mamm:2140/PID33168358,3 nematodes,ethanol 80%,unknown,1,,,,,3.0,,
KSB:Mamm:2141,Peromyscus leucopus,Peromyscus,ectoparasite,https://arctos.database.museum/guid/KSB:Mamm:2141/PID33168366,"1 flea, 1 tick",ethanol 95%,unknown,1,1.0,,1.0,,,,
KSB:Mamm:2146,Sigmodon hispidus,Sigmodon,ectoparasite,https://arctos.database.museum/guid/KSB:Mamm:2146/PID33168438,"mites, ticks | orange mites",ethanol 95%,unknown,1,,,,,,,
KSB:Mamm:2147,Peromyscus leucopus,Peromyscus,ectoparasite,https://arctos.database.museum/guid/KSB:Mamm:2147/PID33168446,2 ticks,ethanol 95%,unknown,1,,,2.0,,,,
KSB:Mamm:2149,Neotoma floridana,Neotoma,ectoparasite,https://arctos.database.museum/guid/KSB:Mamm:2149/PID33168463,2 fleas,ethanol 95%,unknown,1,2.0,,,,,,
KSB:Mamm:2150,Peromyscus leucopus,Peromyscus,ectoparasite,https://arctos.database.museum/guid/KSB:Mamm:2150/PID33168472,2 ticks,ethanol 95%,unknown,1,,,2.0,,,,
KSB:Mamm:2157,Peromyscus leucopus,Peromyscus,ectoparasite,https://arctos.database.museum/guid/KSB:Mamm:2157/PID33168533,1 Tick,ethanol 80%,unknown,1,,,1.0,,,,
KSB:Mamm:2158,Peromyscus leucopus,Peromyscus,ectoparasite,https://arctos.database.museum/guid/KSB:Mamm:2158/PID33168539,"1 flea, 1 tick",ethanol 80%,unknown,1,1.0,,1.0,,,,
KSB:Mamm:2162,Peromyscus leucopus,Peromyscus,ectoparasite,https://arctos.database.museum/guid/KSB:Mamm:2162/PID33168560,1 flea,ethanol 80%,unknown,1,1.0,,,,,,
KSB:Mamm:2164,Peromyscus leucopus,Peromyscus,ectoparasite,https://arctos.database.museum/guid/KSB:Mamm:2164/PID33168571,3 ticks,ethanol 80%,unknown,1,,,3.0,,,,
KSB:Mamm:2165,Neotoma floridana,Neotoma,ectoparasite,https://arctos.database.museum/guid/KSB:Mamm:2165/PID33168577,1 flea,ethanol 80%,unknown,1,1.0,,,,,,
KSB:Mamm:2166,Sigmodon hispidus,Sigmodon,ectoparasite,https://arctos.database.museum/guid/KSB:Mamm:2166/PID33168583,1 tick,ethanol 80%,unknown,1,,,1.0,,,,
KSB:Mamm:2168,Neotoma floridana,Neotoma,ectoparasite,https://arctos.database.museum/guid/KSB:Mamm:2168/PID33168594,1 tick,ethanol 80%,unknown,1,,,1.0,,,,
KSB:Mamm:2169,Neotoma floridana,Neotoma,ectoparasite,https://arctos.database.museum/guid/KSB:Mamm:2169/PID33168600,1 flea,ethanol 80%,unknown,1,1.0,,,,,,
KSB:Mamm:2170,Neotoma floridana,Neotoma,ectoparasite,https://arctos.database.museum/guid/KSB:Mamm:2170/PID33168606,1 flea,ethanol 80%,unknown,1,1.0,,,,,,
KSB:Mamm:2171,Neotoma floridana,Neotoma,ectoparasite,https://arctos.database.museum/guid/KSB:Mamm:2171/PID33168612,"4 flea,1 tick",ethanol 80%,unknown,1,4.0,,1.0,,,,
KSB:Mamm:2172,Neotoma floridana,Neotoma,ectoparasite,https://arctos.database.museum/guid/KSB:Mamm:2172/PID33168618,1 tick,ethanol 80%,unknown,1,,,1.0,,,,
KSB:Mamm:2173,Sigmodon hispidus,Sigmodon,ectoparasite,https://arctos.database.museum/guid/KSB:Mamm:2173/PID33168624,5 ticks,ethanol 80%,unknown,1,,,5.0,,,,
KSB:Mamm:2174,Sigmodon hispidus,Sigmodon,ectoparasite,https://arctos.database.museum/guid/KSB:Mamm:2174/PID33168630,2 ticks,ethanol 80%,unknown,1,,,2.0,,,,
KSB:Mamm:2175,Neotoma floridana,Neotoma,ectoparasite,https://arctos.database.museum/guid/KSB:Mamm:2175/PID33168637,3 fleas,ethanol 80%,unknown,1,3.0,,,,,,
KSB:Mamm:2176,Neotoma floridana,Neotoma,ectoparasite,https://arctos.database.museum/guid/KSB:Mamm:2176/PID33168643,1 flea,ethanol 80%,unknown,1,1.0,,,,,,
KSB:Mamm:2177,Sigmodon hispidus,Sigmodon,ectoparasite,https://arctos.database.museum/guid/KSB:Mamm:2177/PID33168649,1 tick,ethanol 80%,unknown,1,,,1.0,,,,
KSB:Mamm:2179,Peromyscus leucopus,Peromyscus,ectoparasite,https://arctos.database.museum/guid/KSB:Mamm:2179/PID33168661,3 ticks,ethanol 80%,unknown,1,,,3.0,,,,
KSB:Mamm:2180,Sigmodon hispidus,Sigmodon,ectoparasite,https://arctos.database.museum/guid/KSB:Mamm:2180/PID33168667,eggs | Mite Eggs?,ethanol 80%,unknown,1,,,,,,,
KSB:Mamm:2252,Peromyscus maniculatus,Peromyscus,ectoparasite,https://arctos.database.museum/guid/KSB:Mamm:2252/PID33170565,1 flea,ethanol 95%,unknown,1,1.0,,,,,,
KSB:Mamm:2253,Sigmodon hispidus,Sigmodon,cestode,https://arctos.database.museum/guid/KSB:Mamm:2253/PID33170574,,ethanol 95%,unknown,1,,,,,,,
KSB:Mamm:2254,Reithrodontomys montanus,Reithrodontomys,ectoparasite,https://arctos.database.museum/guid/KSB:Mamm:2254/PID33170591,mite,ethanol 95%,unknown,1,,,,,,,
KSB:Mamm:2256,Peromyscus leucopus,Peromyscus,ectoparasite,https://arctos.database.museum/guid/KSB:Mamm:2256/PID33170608,mite,ethanol 95%,unknown,1,,,,,,,
KSB:Mamm:2258,Peromyscus leucopus,Peromyscus,ectoparasite,https://arctos.database.museum/guid/KSB:Mamm:2258/PID33170625,"flea, lice",ethanol 95%,unknown,1,,,,,,,
KSB:Mamm:2259,Reithrodontomys megalotis,Reithrodontomys,ectoparasite,https://arctos.database.museum/guid/KSB:Mamm:2259/PID33170633,mite,ethanol 95%,unknown,1,,,,,,,
KSB:Mamm:2260,Peromyscus leucopus,Peromyscus,ectoparasite,https://arctos.database.museum/guid/KSB:Mamm:2260/PID33170642,flea,ethanol 95%,unknown,1,,,,,,,
KSB:Mamm:2261,Microtus ochrogaster,Microtus,ectoparasite,https://arctos.database.museum/guid/KSB:Mamm:2261/PID33170650,mite,ethanol 95%,unknown,1,,,,,,,
KSB:Mamm:2262,Microtus ochrogaster,Microtus,ectoparasite,https://arctos.database.museum/guid/KSB:Mamm:2262/PID33170658,mite,ethanol 95%,unknown,1,,,,,,,
KSB:Mamm:2262,Microtus ochrogaster,Microtus,cestode,https://arctos.database.museum/guid/KSB:Mamm:2262/PID33170659,3 cestodes found in Small Intestine.,ethanol 95%,unknown,1,,,,,,3.0,
KSB:Mamm:2263,Peromyscus leucopus,Peromyscus,ectoparasite,https://arctos.database.museum/guid/KSB:Mamm:2263/PID33170667,flea,ethanol 95%,unknown,1,,,,,,,
KSB:Mamm:2265,Sigmodon hispidus,Sigmodon,ectoparasite,https://arctos.database.museum/guid/KSB:Mamm:2265/PID33170684,"flea, mite",ethanol 95%,unknown,1,,,,,,,
KSB:Mamm:2266,Sigmodon hispidus,Sigmodon,ectoparasite,https://arctos.database.museum/guid/KSB:Mamm:2266/PID33170692,mite,ethanol 95%,unknown,1,,,,,,,
KSB:Mamm:2269,Peromyscus leucopus,Peromyscus,ectoparasite,https://arctos.database.museum/guid/KSB:Mamm:2269/PID33170716,tick,ethanol 95%,unknown,1,,,,,,,
KSB:Mamm:2281,Peromyscus leucopus,Peromyscus,ectoparasite,https://arctos.database.museum/guid/KSB:Mamm:2281/PID33171542,botfly | abdomen,ethanol 95%,unknown,1,,,,,,,
KSB:Mamm:2289,Peromyscus leucopus,Peromyscus,ectoparasite,https://arctos.database.museum/guid/KSB:Mamm:2289/PID33171584,tick | ear,ethanol 95%,unknown,1,,,,,,,
KSB:Mamm:2309,Glaucomys volans,Glaucomys,nematode,https://arctos.database.museum/guid/KSB:Mamm:2309/PID33172464,,ethanol 80%,unknown,1,,,,,,,
KSB:Mamm:2319,Blarina carolinensis,Blarina,ectoparasite,https://arctos.database.museum/guid/KSB:Mamm:2319/PID33172533,1 tick,ethanol 95%,unknown,1,,,1.0,,,,
KSB:Mamm:2379,Blarina carolinensis,Blarina,endoparasite,https://arctos.database.museum/guid/KSB:Mamm:2379/PID33172992,,ethanol 80%,unknown,1,,,,,,,
KSB:Mamm:2380,Blarina carolinensis,Blarina,endoparasite,https://arctos.database.museum/guid/KSB:Mamm:2380/PID33172999,,ethanol 80%,unknown,1,,,,,,,
KSB:Mamm:2381,Blarina carolinensis,Blarina,ectoparasite,https://arctos.database.museum/guid/KSB:Mamm:2381/PID33173006,4 mites,ethanol 95%,unknown,1,,4.0,,,,,
KSB:Mamm:2382,Blarina carolinensis,Blarina,ectoparasite,https://arctos.database.museum/guid/KSB:Mamm:2382/PID33173013,2 ticks,ethanol 95%,unknown,1,,,2.0,,,,
KSB:Mamm:2382,Blarina carolinensis,Blarina,endoparasite,https://arctos.database.museum/guid/KSB:Mamm:2382/PID33173014,,ethanol 80%,unknown,1,,,,,,,
KSB:Mamm:2394,Blarina carolinensis,Blarina,ectoparasite,https://arctos.database.museum/guid/KSB:Mamm:2394/PID33173087,6 mites,ethanol 95%,unknown,1,,6.0,,,,,
KSB:Mamm:2399,Blarina carolinensis,Blarina,ectoparasite,https://arctos.database.museum/guid/KSB:Mamm:2399/PID33173122,2 ticks,ethanol 95%,unknown,1,,,2.0,,,,
KSB:Mamm:2430,Blarina carolinensis,Blarina,nematode,https://arctos.database.museum/guid/KSB:Mamm:2430/PID33173321,oportunistic find,ethanol 95%,unknown,1,,,,,,,
KSB:Mamm:2443,Sigmodon hispidus,Sigmodon,ectoparasite,https://arctos.database.museum/guid/KSB:Mamm:2443/PID33175168,2 mites,ethanol 95%,unknown,1,,2.0,,,,,
KSB:Mamm:2444,Microtus ochrogaster,Microtus,ectoparasite,https://arctos.database.museum/guid/KSB:Mamm:2444/PID33175174,"1 flea, 1 tick",ethanol 95%,unknown,1,1.0,,1.0,,,,
KSB:Mamm:2445,Peromyscus leucopus,Peromyscus,ectoparasite,https://arctos.database.museum/guid/KSB:Mamm:2445/PID33175180,3 mites,ethanol 95%,unknown,1,,3.0,,,,,
KSB:Mamm:2446,Peromyscus leucopus,Peromyscus,ectoparasite,https://arctos.database.museum/guid/KSB:Mamm:2446/PID33175186,many fleas,ethanol 95%,unknown,1,,,,,,,
KSB:Mamm:2447,Microtus ochrogaster,Microtus,ectoparasite,https://arctos.database.museum/guid/KSB:Mamm:2447/PID33175192,many mites,ethanol 95%,unknown,1,,,,,,,
KSB:Mamm:2448,Microtus ochrogaster,Microtus,cestode,https://arctos.database.museum/guid/KSB:Mamm:2448/PID33175200,,ethanol 80%,unknown,1,,,,,,,
KSB:Mamm:2449,Microtus ochrogaster,Microtus,ectoparasite,https://arctos.database.museum/guid/KSB:Mamm:2449/PID33175206,many mites,ethanol 95%,unknown,1,,,,,,,
KSB:Mamm:2450,Peromyscus leucopus,Peromyscus,ectoparasite,https://arctos.database.museum/guid/KSB:Mamm:2450/PID33175212,"2 fleas, 1 mite",ethanol 95%,unknown,1,2.0,1.0,,,,,
KSB:Mamm:2451,Sigmodon hispidus,Sigmodon,ectoparasite,https://arctos.database.museum/guid/KSB:Mamm:2451/PID33175218,2 fleas,ethanol 95%,unknown,1,2.0,,,,,,
KSB:Mamm:2452,Peromyscus leucopus,Peromyscus,nematode,https://arctos.database.museum/guid/KSB:Mamm:2452/PID33175227,,ethanol 80%,unknown,1,,,,,,,
KSB:Mamm:2454,Reithrodontomys megalotis,Reithrodontomys,ectoparasite,https://arctos.database.museum/guid/KSB:Mamm:2454/PID33175241,"1 flea, 1 mite",ethanol 95%,unknown,1,1.0,1.0,,,,,
KSB:Mamm:2454,Reithrodontomys megalotis,Reithrodontomys,nematode,https://arctos.database.museum/guid/KSB:Mamm:2454/PID33175242,2 nematodes,ethanol 80%,unknown,1,,,,,2.0,,
KSB:Mamm:2456,Microtus ochrogaster,Microtus,ectoparasite,https://arctos.database.museum/guid/KSB:Mamm:2456/PID33175256,"1 flea, many mites",ethanol 95%,unknown,1,1.0,,,,,,
KSB:Mamm:2456,Microtus ochrogaster,Microtus,cestode,https://arctos.database.museum/guid/KSB:Mamm:2456/PID33175257,,ethanol 80%,unknown,1,,,,,,,
KSB:Mamm:2457,Blarina hylophaga,Blarina,ectoparasite,https://arctos.database.museum/guid/KSB:Mamm:2457/PID33175262,3 fleas,ethanol 95%,unknown,1,3.0,,,,,,
KSB:Mamm:2458,Sigmodon hispidus,Sigmodon,ectoparasite,https://arctos.database.museum/guid/KSB:Mamm:2458/PID33175272,1 flea,ethanol 95%,unknown,1,1.0,,,,,,
KSB:Mamm:2458,Sigmodon hispidus,Sigmodon,cestode,https://arctos.database.museum/guid/KSB:Mamm:2458/PID33175273,,ethanol 80%,unknown,1,,,,,,,
KSB:Mamm:2458,Sigmodon hispidus,Sigmodon,nematode,https://arctos.database.museum/guid/KSB:Mamm:2458/PID33175274,,ethanol 80%,unknown,1,,,,,,,
KSB:Mamm:2460,Peromyscus leucopus,Peromyscus,ectoparasite,https://arctos.database.museum/guid/KSB:Mamm:2460/PID33175291,3 fleas,ethanol 95%,unknown,1,3.0,,,,,,
KSB:Mamm:2461,Peromyscus leucopus,Peromyscus,ectoparasite,https://arctos.database.museum/guid/KSB:Mamm:2461/PID33175300,1 mite,ethanol 95%,unknown,1,,1.0,,,,,
KSB:Mamm:2462,Peromyscus leucopus,Peromyscus,ectoparasite,https://arctos.database.museum/guid/KSB:Mamm:2462/PID33175305,1 mite,ethanol 95%,unknown,1,,1.0,,,,,
KSB:Mamm:2463,Microtus ochrogaster,Microtus,nematode,https://arctos.database.museum/guid/KSB:Mamm:2463/PID33175315,,ethanol 80%,unknown,1,,,,,,,
KSB:Mamm:2464,Peromyscus leucopus,Peromyscus,ectoparasite,https://arctos.database.museum/guid/KSB:Mamm:2464/PID33175324,2 fleas,ethanol 95%,unknown,1,2.0,,,,,,
KSB:Mamm:2466,Sigmodon hispidus,Sigmodon,ectoparasite,https://arctos.database.museum/guid/KSB:Mamm:2466/PID33175337,1 flea,ethanol 95%,unknown,1,1.0,,,,,,
KSB:Mamm:2467,Peromyscus leucopus,Peromyscus,ectoparasite,https://arctos.database.museum/guid/KSB:Mamm:2467/PID33175346,3 fleas,ethanol 95%,unknown,1,3.0,,,,,,
KSB:Mamm:2467,Peromyscus leucopus,Peromyscus,endoparasite,https://arctos.database.museum/guid/KSB:Mamm:2467/PID33175347,,ethanol 80%,unknown,1,,,,,,,
KSB:Mamm:2469,Sigmodon hispidus,Sigmodon,ectoparasite,https://arctos.database.museum/guid/KSB:Mamm:2469/PID33175359,4 fleas,ethanol 95%,unknown,1,4.0,,,,,,
KSB:Mamm:2470,Peromyscus leucopus,Peromyscus,ectoparasite,https://arctos.database.museum/guid/KSB:Mamm:2470/PID33175368,12 fleas,ethanol 95%,unknown,1,12.0,,,,,,
KSB:Mamm:2471,Peromyscus maniculatus,Peromyscus,ectoparasite,https://arctos.database.museum/guid/KSB:Mamm:2471/PID33175377,"9 fleas, 3 mites",ethanol 95%,unknown,1,9.0,3.0,,,,,
KSB:Mamm:2472,Sigmodon hispidus,Sigmodon,ectoparasite,https://arctos.database.museum/guid/KSB:Mamm:2472/PID33175386,7 mites,ethanol 95%,unknown,1,,7.0,,,,,
KSB:Mamm:2472,Sigmodon hispidus,Sigmodon,nematode,https://arctos.database.museum/guid/KSB:Mamm:2472/PID33175387,,ethanol 80%,unknown,1,,,,,,,
KSB:Mamm:2473,Sigmodon hispidus,Sigmodon,ectoparasite,https://arctos.database.museum/guid/KSB:Mamm:2473/PID33175392,2 fleas,ethanol 95%,unknown,1,2.0,,,,,,
KSB:Mamm:2474,Sigmodon hispidus,Sigmodon,endoparasite,https://arctos.database.museum/guid/KSB:Mamm:2474/PID33175402,"1 nematode, many cestodes",ethanol 80%,unknown,1,,,,,1.0,,
KSB:Mamm:2475,Microtus ochrogaster,Microtus,ectoparasite,https://arctos.database.museum/guid/KSB:Mamm:2475/PID33175407,many mites,ethanol 95%,unknown,1,,,,,,,
KSB:Mamm:2476,Peromyscus leucopus,Peromyscus,ectoparasite,https://arctos.database.museum/guid/KSB:Mamm:2476/PID33175413,"4 fleas, 2 mites",ethanol 95%,unknown,1,4.0,2.0,,,,,
KSB:Mamm:2478,Peromyscus leucopus,Peromyscus,ectoparasite,https://arctos.database.museum/guid/KSB:Mamm:2478/PID33175428,3 fleas,ethanol 95%,unknown,1,3.0,,,,,,
KSB:Mamm:2479,Blarina hylophaga,Blarina,ectoparasite,https://arctos.database.museum/guid/KSB:Mamm:2479/PID33175437,2 fleas,ethanol 95%,unknown,1,2.0,,,,,,
KSB:Mamm:2479,Blarina hylophaga,Blarina,cestode,https://arctos.database.museum/guid/KSB:Mamm:2479/PID33175438,,ethanol 80%,unknown,1,,,,,,,
KSB:Mamm:2480,Sigmodon hispidus,Sigmodon,ectoparasite,https://arctos.database.museum/guid/KSB:Mamm:2480/PID33175445,"4 fleas, 1 mite",ethanol 95%,unknown,1,4.0,1.0,,,,,
KSB:Mamm:2480,Sigmodon hispidus,Sigmodon,nematode,https://arctos.database.museum/guid/KSB:Mamm:2480/PID33175446,,ethanol 80%,unknown,1,,,,,,,
KSB:Mamm:2481,Sigmodon hispidus,Sigmodon,ectoparasite,https://arctos.database.museum/guid/KSB:Mamm:2481/PID33175451,1 flea,ethanol 95%,unknown,1,1.0,,,,,,
KSB:Mamm:2482,Peromyscus leucopus,Peromyscus,ectoparasite,https://arctos.database.museum/guid/KSB:Mamm:2482/PID33175459,"25 fleas, 2 mites",ethanol 95%,unknown,1,25.0,2.0,,,,,
KSB:Mamm:2483,Sigmodon hispidus,Sigmodon,ectoparasite,https://arctos.database.museum/guid/KSB:Mamm:2483/PID33175468,3 fleas,ethanol 95%,unknown,1,3.0,,,,,,
KSB:Mamm:2483,Sigmodon hispidus,Sigmodon,nematode,https://arctos.database.museum/guid/KSB:Mamm:2483/PID33175469,,ethanol 80%,unknown,1,,,,,,,
KSB:Mamm:2484,Sigmodon hispidus,Sigmodon,nematode,https://arctos.database.museum/guid/KSB:Mamm:2484/PID33175478,,ethanol 80%,unknown,1,,,,,,,
KSB:Mamm:2485,Blarina hylophaga,Blarina,nematode,https://arctos.database.museum/guid/KSB:Mamm:2485/PID33175485,,ethanol 80%,unknown,1,,,,,,,
KSB:Mamm:2486,Peromyscus leucopus,Peromyscus,ectoparasite,https://arctos.database.museum/guid/KSB:Mamm:2486/PID33175494,2 fleas,ethanol 95%,unknown,1,2.0,,,,,,
KSB:Mamm:2488,Peromyscus leucopus,Peromyscus,ectoparasite,https://arctos.database.museum/guid/KSB:Mamm:2488/PID33175504,1 flea,ethanol 95%,unknown,1,1.0,,,,,,
KSB:Mamm:2489,Sigmodon hispidus,Sigmodon,ectoparasite,https://arctos.database.museum/guid/KSB:Mamm:2489/PID33175510,2 mites,ethanol 95%,unknown,1,,2.0,,,,,
KSB:Mamm:2490,Neotoma floridana,Neotoma,ectoparasite,https://arctos.database.museum/guid/KSB:Mamm:2490/PID33175520,4 fleas,ethanol 95%,unknown,1,4.0,,,,,,
KSB:Mamm:2491,Neotoma floridana,Neotoma,ectoparasite,https://arctos.database.museum/guid/KSB:Mamm:2491/PID33175532,"5 fleas, 1 mite",ethanol 95%,unknown,1,5.0,1.0,,,,,
KSB:Mamm:2492,Peromyscus leucopus,Peromyscus,ectoparasite,https://arctos.database.museum/guid/KSB:Mamm:2492/PID33175537,unkown,ethanol 95%,unknown,1,,,,,,,
KSB:Mamm:2493,Neotoma floridana,Neotoma,ectoparasite,https://arctos.database.museum/guid/KSB:Mamm:2493/PID33175547,5 fleas,ethanol 95%,unknown,1,5.0,,,,,,
KSB:Mamm:2494,Peromyscus leucopus,Peromyscus,ectoparasite,https://arctos.database.museum/guid/KSB:Mamm:2494/PID33175552,"4 fleas, 1 mite",ethanol 95%,unknown,1,4.0,1.0,,,,,
KSB:Mamm:2497,Peromyscus leucopus,Peromyscus,ectoparasite,https://arctos.database.museum/guid/KSB:Mamm:2497/PID33175575,4 fleas,ethanol 95%,unknown,1,4.0,,,,,,
KSB:Mamm:2498,Microtus ochrogaster,Microtus,ectoparasite,https://arctos.database.museum/guid/KSB:Mamm:2498/PID33175584,many mites,ethanol 95%,unknown,1,,,,,,,
KSB:Mamm:2498,Microtus ochrogaster,Microtus,cestode,https://arctos.database.museum/guid/KSB:Mamm:2498/PID33175585,,ethanol 80%,unknown,1,,,,,,,
KSB:Mamm:2499,Peromyscus leucopus,Peromyscus,ectoparasite,https://arctos.database.museum/guid/KSB:Mamm:2499/PID33175595,1 flea,ethanol 95%,unknown,1,1.0,,,,,,
KSB:Mamm:2500,Peromyscus leucopus,Peromyscus,ectoparasite,https://arctos.database.museum/guid/KSB:Mamm:2500/PID33175600,"3 fleas, 1 mite",ethanol 95%,unknown,1,3.0,1.0,,,,,
KSB:Mamm:2501,Peromyscus maniculatus,Peromyscus,ectoparasite,https://arctos.database.museum/guid/KSB:Mamm:2501/PID33175606,"1 flea, 4 mites",ethanol 95%,unknown,1,1.0,4.0,,,,,
KSB:Mamm:2502,Peromyscus leucopus,Peromyscus,ectoparasite,https://arctos.database.museum/guid/KSB:Mamm:2502/PID33175612,3 mites,ethanol 95%,unknown,1,,3.0,,,,,
KSB:Mamm:2503,Sigmodon hispidus,Sigmodon,ectoparasite,https://arctos.database.museum/guid/KSB:Mamm:2503/PID33175618,unknown,ethanol 95%,unknown,1,,,,,,,
KSB:Mamm:2504,Sigmodon hispidus,Sigmodon,ectoparasite,https://arctos.database.museum/guid/KSB:Mamm:2504/PID33175628,4 mites,ethanol 95%,unknown,1,,4.0,,,,,
KSB:Mamm:2504,Sigmodon hispidus,Sigmodon,endoparasite,https://arctos.database.museum/guid/KSB:Mamm:2504/PID33175629,"1 nematode, many trematodes",ethanol 80%,unknown,1,,,,,1.0,,
KSB:Mamm:2505,Sigmodon hispidus,Sigmodon,ectoparasite,https://arctos.database.museum/guid/KSB:Mamm:2505/PID33175638,"2 fleas, 1 mite",ethanol 95%,unknown,1,2.0,1.0,,,,,
KSB:Mamm:2505,Sigmodon hispidus,Sigmodon,nematode,https://arctos.database.museum/guid/KSB:Mamm:2505/PID33175639,,ethanol 80%,unknown,1,,,,,,,
KSB:Mamm:2506,Neotoma floridana,Neotoma,ectoparasite,https://arctos.database.museum/guid/KSB:Mamm:2506/PID33175647,1 flea,ethanol 95%,unknown,1,1.0,,,,,,
KSB:Mamm:2507,Sigmodon hispidus,Sigmodon,ectoparasite,https://arctos.database.museum/guid/KSB:Mamm:2507/PID33175656,"1 flea, 4 mites",ethanol 95%,unknown,1,1.0,4.0,,,,,
KSB:Mamm:2507,Sigmodon hispidus,Sigmodon,nematode,https://arctos.database.museum/guid/KSB:Mamm:2507/PID33175657,2 nematodes,ethanol 80%,unknown,1,,,,,2.0,,
KSB:Mamm:2509,Sigmodon hispidus,Sigmodon,ectoparasite,https://arctos.database.museum/guid/KSB:Mamm:2509/PID33175670,"2 fleas, 2 mites",ethanol 95%,unknown,1,2.0,2.0,,,,,
KSB:Mamm:2510,Sigmodon hispidus,Sigmodon,ectoparasite,https://arctos.database.museum/guid/KSB:Mamm:2510/PID33175678,many mites,ethanol 95%,unknown,1,,,,,,,
KSB:Mamm:2510,Sigmodon hispidus,Sigmodon,nematode,https://arctos.database.museum/guid/KSB:Mamm:2510/PID33175679,3 nematodes,ethanol 80%,unknown,1,,,,,3.0,,
KSB:Mamm:2517,Peromyscus leucopus,Peromyscus,ectoparasite,https://arctos.database.museum/guid/KSB:Mamm:2517/PID33186170,Botfly | Anus,ethanol 95%,unknown,1,,,,,,,
KSB:Mamm:2519,Sigmodon hispidus,Sigmodon,ectoparasite,https://arctos.database.museum/guid/KSB:Mamm:2519/PID33186186,mite eggs | Base of tail,ethanol 95%,unknown,1,,,,,,,
KSB:Mamm:2521,Neotoma floridana,Neotoma,ectoparasite,https://arctos.database.museum/guid/KSB:Mamm:2521/PID33186204,Botfly | Neck,ethanol 95%,unknown,1,,,,,,,
KSB:Mamm:2524,Peromyscus leucopus,Peromyscus,ectoparasite,https://arctos.database.museum/guid/KSB:Mamm:2524/PID33186229,2 botfly,ethanol 95%,unknown,1,,,,,,,
KSB:Mamm:2529,Neotoma floridana,Neotoma,ectoparasite,https://arctos.database.museum/guid/KSB:Mamm:2529/PID33186269,4 flea,ethanol 95%,unknown,1,4.0,,,,,,
KSB:Mamm:2532,Neotoma floridana,Neotoma,ectoparasite,https://arctos.database.museum/guid/KSB:Mamm:2532/PID33186294,6 flea,ethanol 95%,unknown,1,6.0,,,,,,
KSB:Mamm:2534,Peromyscus leucopus,Peromyscus,nematode,https://arctos.database.museum/guid/KSB:Mamm:2534/PID33186311,stomach,ethanol 80%,unknown,1,,,,,,,
KSB:Mamm:2535,Sigmodon hispidus,Sigmodon,ectoparasite,https://arctos.database.museum/guid/KSB:Mamm:2535/PID33186320,"1 mite, mite eggs, 1 tick | mite eggs, rear",ethanol 95%,unknown,1,,1.0,1.0,,,,
KSB:Mamm:2536,Neotoma floridana,Neotoma,ectoparasite,https://arctos.database.museum/guid/KSB:Mamm:2536/PID33186329,mite eggs | ears,ethanol 95%,unknown,1,,,,,,,
KSB:Mamm:2537,Neotoma floridana,Neotoma,ectoparasite,https://arctos.database.museum/guid/KSB:Mamm:2537/PID33186338,mite eggs | ears,ethanol 95%,unknown,1,,,,,,,
KSB:Mamm:2537,Neotoma floridana,Neotoma,cestode,https://arctos.database.museum/guid/KSB:Mamm:2537/PID33186339,SI,ethanol 80%,unknown,1,,,,,,,
KSB:Mamm:2537,Neotoma floridana,Neotoma,nematode,https://arctos.database.museum/guid/KSB:Mamm:2537/PID33186340,cecum,ethanol 80%,unknown,1,,,,,,,
KSB:Mamm:2539,Mephitis mephitis,Mephitis,nematode,https://arctos.database.museum/guid/KSB:Mamm:2539/PID33186355,subcutaneous hind leg,ethanol 80%,unknown,1,,,,,,,
KSB:Mamm:2556,Rhinolophus affinis,Rhinolophus,ectoparasite,https://arctos.database.museum/guid/KSB:Mamm:2556/PID33196078,,ethanol 95%,unknown,1,,,,,,,
KSB:Mamm:2557,Rhinolophus affinis,Rhinolophus,ectoparasite,https://arctos.database.museum/guid/KSB:Mamm:2557/PID33196084,,ethanol 95%,unknown,1,,,,,,,
KSB:Mamm:2558,Rhinolophus affinis,Rhinolophus,ectoparasite,https://arctos.database.museum/guid/KSB:Mamm:2558/PID33196089,,ethanol 95%,unknown,1,,,,,,,
KSB:Mamm:2560,Rhinolophus affinis,Rhinolophus,ectoparasite,https://arctos.database.museum/guid/KSB:Mamm:2560/PID33196100,,ethanol 95%,unknown,1,,,,,,,
KSB:Mamm:2561,Rhinolophus affinis,Rhinolophus,ectoparasite,https://arctos.database.museum/guid/KSB:Mamm:2561/PID33196106,batflies,ethanol 95%,unknown,1,,,,,,,
KSB:Mamm:2563,Rhinolophus affinis,Rhinolophus,ectoparasite,https://arctos.database.museum/guid/KSB:Mamm:2563/PID33196116,batflies,ethanol 95%,unknown,1,,,,,,,
KSB:Mamm:2563,Rhinolophus affinis,Rhinolophus,endoparasite,https://arctos.database.museum/guid/KSB:Mamm:2563/PID33196117,nematode found in small intestine,ethanol 80%,unknown,1,,,,,,,
KSB:Mamm:2564,Rhinolophus affinis,Rhinolophus,ectoparasite,https://arctos.database.museum/guid/KSB:Mamm:2564/PID33196122,,ethanol 95%,unknown,1,,,,,,,
KSB:Mamm:2565,Hipposideros armiger,Hipposideros,endoparasite,https://arctos.database.museum/guid/KSB:Mamm:2565/PID33196128,several cestodes found in small intestine,ethanol 95%,unknown,1,,,,,,,
KSB:Mamm:2566,Rhinolophus affinis,Rhinolophus,ectoparasite,https://arctos.database.museum/guid/KSB:Mamm:2566/PID33196134,,ethanol 95%,unknown,1,,,,,,,
KSB:Mamm:2567,Rhinolophus affinis,Rhinolophus,ectoparasite,https://arctos.database.museum/guid/KSB:Mamm:2567/PID33196140,,ethanol 95%,unknown,1,,,,,,,
KSB:Mamm:2568,Rhinolophus affinis,Rhinolophus,ectoparasite,https://arctos.database.museum/guid/KSB:Mamm:2568/PID33196146,,ethanol 95%,unknown,1,,,,,,,
KSB:Mamm:2569,Rhinolophus affinis,Rhinolophus,ectoparasite,https://arctos.database.museum/guid/KSB:Mamm:2569/PID33196152,,ethanol 95%,unknown,1,,,,,,,
KSB:Mamm:2570,Rhinolophus affinis,Rhinolophus,ectoparasite,https://arctos.database.museum/guid/KSB:Mamm:2570/PID33196158,,ethanol 95%,unknown,1,,,,,,,
KSB:Mamm:2571,Rhinolophus affinis,Rhinolophus,ectoparasite,https://arctos.database.museum/guid/KSB:Mamm:2571/PID33196164,,ethanol 95%,unknown,1,,,,,,,
KSB:Mamm:2572,Rhinolophus affinis,Rhinolophus,ectoparasite,https://arctos.database.museum/guid/KSB:Mamm:2572/PID33196170,,ethanol 95%,unknown,1,,,,,,,
KSB:Mamm:2573,,Myotis,ectoparasite,https://arctos.database.museum/guid/KSB:Mamm:2573/PID33196176,,ethanol 95%,unknown,1,,,,,,,
KSB:Mamm:2574,Rhinolophus affinis,Rhinolophus,ectoparasite,https://arctos.database.museum/guid/KSB:Mamm:2574/PID33196182,,ethanol 95%,unknown,1,,,,,,,
KSB:Mamm:2575,Rhinolophus affinis,Rhinolophus,ectoparasite,https://arctos.database.museum/guid/KSB:Mamm:2575/PID33196188,,ethanol 95%,unknown,1,,,,,,,
KSB:Mamm:2576,Rhinolophus affinis,Rhinolophus,ectoparasite,https://arctos.database.museum/guid/KSB:Mamm:2576/PID33196194,batflies,ethanol 95%,unknown,1,,,,,,,
KSB:Mamm:2576,Rhinolophus affinis,Rhinolophus,endoparasite,https://arctos.database.museum/guid/KSB:Mamm:2576/PID33196195,nematode?,ethanol 95%,unknown,1,,,,,,,
KSB:Mamm:2577,Rhinolophus affinis,Rhinolophus,ectoparasite,https://arctos.database.museum/guid/KSB:Mamm:2577/PID33196200,,ethanol 95%,unknown,1,,,,,,,
KSB:Mamm:2579,Rhinolophus affinis,Rhinolophus,ectoparasite,https://arctos.database.museum/guid/KSB:Mamm:2579/PID33196211,,ethanol 95%,unknown,1,,,,,,,
KSB:Mamm:2580,Rhinolophus affinis,Rhinolophus,ectoparasite,https://arctos.database.museum/guid/KSB:Mamm:2580/PID33196217,,ethanol 95%,unknown,1,,,,,,,
KSB:Mamm:2581,Rhinolophus affinis,Rhinolophus,ectoparasite,https://arctos.database.museum/guid/KSB:Mamm:2581/PID33196223,barflies,ethanol 95%,unknown,1,,,,,,,
KSB:Mamm:2582,Rhinolophus affinis,Rhinolophus,ectoparasite,https://arctos.database.museum/guid/KSB:Mamm:2582/PID33196231,,ethanol 95%,unknown,1,,,,,,,
KSB:Mamm:2583,Rhinolophus affinis,Rhinolophus,ectoparasite,https://arctos.database.museum/guid/KSB:Mamm:2583/PID33196237,batflies,ethanol 95%,unknown,1,,,,,,,
KSB:Mamm:2583,Rhinolophus affinis,Rhinolophus,endoparasite,https://arctos.database.museum/guid/KSB:Mamm:2583/PID33196238,nematode?,ethanol 95%,unknown,1,,,,,,,
KSB:Mamm:2584,Rhinolophus affinis,Rhinolophus,ectoparasite,https://arctos.database.museum/guid/KSB:Mamm:2584/PID33196244,,ethanol 95%,unknown,1,,,,,,,
KSB:Mamm:2585,Rhinolophus affinis,Rhinolophus,ectoparasite,https://arctos.database.museum/guid/KSB:Mamm:2585/PID33196250,,ethanol 95%,unknown,1,,,,,,,
KSB:Mamm:2586,,Hipposideros,ectoparasite,https://arctos.database.museum/guid/KSB:Mamm:2586/PID33196256,flea,ethanol 95%,unknown,1,,,,,,,
KSB:Mamm:2587,Eonycteris spelaea,Eonycteris,ectoparasite,https://arctos.database.museum/guid/KSB:Mamm:2587/PID33196262,batfly,ethanol 95%,unknown,1,,,,,,,
KSB:Mamm:2588,Cynopterus sphinx,Cynopterus,ectoparasite,https://arctos.database.museum/guid/KSB:Mamm:2588/PID33196268,,ethanol 95%,unknown,1,,,,,,,
KSB:Mamm:2589,Cynopterus sphinx,Cynopterus,ectoparasite,https://arctos.database.museum/guid/KSB:Mamm:2589/PID33196274,batfly,ethanol 95%,unknown,1,,,,,,,
KSB:Mamm:2590,Cynopterus sphinx,Cynopterus,ectoparasite,https://arctos.database.museum/guid/KSB:Mamm:2590/PID33196280,,ethanol 95%,unknown,1,,,,,,,
KSB:Mamm:2592,Rhinolophus affinis,Rhinolophus,ectoparasite,https://arctos.database.museum/guid/KSB:Mamm:2592/PID33196290,,ethanol 95%,unknown,1,,,,,,,
KSB:Mamm:2592,Rhinolophus affinis,Rhinolophus,endoparasite,https://arctos.database.museum/guid/KSB:Mamm:2592/PID33196287,nematodes?,ethanol 95%,unknown,1,,,,,,,
KSB:Mamm:2593,Cynopterus sphinx,Cynopterus,ectoparasite,https://arctos.database.museum/guid/KSB:Mamm:2593/PID33196297,,ethanol 95%,unknown,1,,,,,,,
KSB:Mamm:2594,Rhinolophus affinis,Rhinolophus,ectoparasite,https://arctos.database.museum/guid/KSB:Mamm:2594/PID33196303,batflies,ethanol 95%,unknown,1,,,,,,,
KSB:Mamm:2594,Rhinolophus affinis,Rhinolophus,endoparasite,https://arctos.database.museum/guid/KSB:Mamm:2594/PID33196304,nematode?,ethanol 80%,unknown,1,,,,,,,
KSB:Mamm:2597,Rhinolophus affinis,Rhinolophus,endoparasite,https://arctos.database.museum/guid/KSB:Mamm:2597/PID33196320,2 nematodes found in small intestine,ethanol 95%,unknown,1,,,,,2.0,,
KSB:Mamm:2610,Onychomys leucogaster,Onychomys,ectoparasite,https://arctos.database.museum/guid/KSB:Mamm:2610/PID33206443,1 flea,ethanol 95%,unknown,1,1.0,,,,,,
KSB:Mamm:2614,Sigmodon hispidus,Sigmodon,ectoparasite,https://arctos.database.museum/guid/KSB:Mamm:2614/PID33206481,6 mites,ethanol 90%,excellent,1,,6.0,,,,,
KSB:Mamm:2616,Chaetodipus hispidus,Chaetodipus,endoparasite,https://arctos.database.museum/guid/KSB:Mamm:2616/PID33206498,,ethanol 80%,very good,1,,,,,,,
KSB:Mamm:2621,Sigmodon hispidus,Sigmodon,ectoparasite,https://arctos.database.museum/guid/KSB:Mamm:2621/PID33206535,1 tick,ethanol 90%,excellent,1,,,1.0,,,,
KSB:Mamm:2626,Sigmodon hispidus,Sigmodon,ectoparasite,https://arctos.database.museum/guid/KSB:Mamm:2626/PID33206567,n,ethanol 95%,excellent,1,,,,,,,
KSB:Mamm:2627,Neotoma floridana,Neotoma,ectoparasite,https://arctos.database.museum/guid/KSB:Mamm:2627/PID33206575,,ethanol 95%,excellent,1,,,,,,,
KSB:Mamm:2629,Peromyscus leucopus,Peromyscus,ectoparasite,https://arctos.database.museum/guid/KSB:Mamm:2629/PID33206594,"4 fleas, more than 5 mites",ethanol 95%,excellent,1,4.0,5.0,,,,,
KSB:Mamm:2629,Peromyscus leucopus,Peromyscus,endoparasite,https://arctos.database.museum/guid/KSB:Mamm:2629/PID33206595,3 nematodes,ethanol,excellent,1,,,,,3.0,,
KSB:Mamm:2630,Peromyscus leucopus,Peromyscus,ectoparasite,https://arctos.database.museum/guid/KSB:Mamm:2630/PID33206599,mite or tick,ethanol 95%,excellent,1,,,,,,,
KSB:Mamm:2631,Peromyscus leucopus,Peromyscus,ectoparasite,https://arctos.database.museum/guid/KSB:Mamm:2631/PID33206606,1 tick,,excellent,1,,,1.0,,,,
KSB:Mamm:2637,Odocoileus virginianus,Odocoileus,ectoparasite,https://arctos.database.museum/guid/KSB:Mamm:2637/PID33206735,botfly found in lower jaw,ethanol 90%,excellent,1,,,,,,,
KSB:Mamm:2637,Odocoileus virginianus,Odocoileus,ectoparasite,https://arctos.database.museum/guid/KSB:Mamm:2637/PID33206736,botfly found in nasal passage,ethanol 90%,excellent,1,,,,,,,
KSB:Mamm:2657,Neotoma floridana,Neotoma,ectoparasite,https://arctos.database.museum/guid/KSB:Mamm:2657/PID33207124,"2 fleas, 1 mite",ethanol 95%,unknown,1,2.0,1.0,,,,,
KSB:Mamm:2666,Sigmodon hispidus,Sigmodon,ectoparasite,https://arctos.database.museum/guid/KSB:Mamm:2666/PID33207174,"1 flea, 1 mite",ethanol 95%,unknown,1,1.0,1.0,,,,,
KSB:Mamm:2668,Sigmodon hispidus,Sigmodon,ectoparasite,https://arctos.database.museum/guid/KSB:Mamm:2668/PID33207189,2 mites,ethanol 95%,unknown,1,,2.0,,,,,
KSB:Mamm:2669,Peromyscus leucopus,Peromyscus,ectoparasite,https://arctos.database.museum/guid/KSB:Mamm:2669/PID33207197,"2 fleas, 1 tick",ethanol 95%,unknown,1,2.0,,1.0,,,,
KSB:Mamm:2670,Sigmodon hispidus,Sigmodon,ectoparasite,https://arctos.database.museum/guid/KSB:Mamm:2670/PID33207205,1 flea,ethanol 95%,unknown,1,1.0,,,,,,
KSB:Mamm:2674,Neotoma floridana,Neotoma,ectoparasite,https://arctos.database.museum/guid/KSB:Mamm:2674/PID33207234,"1 flea, 2 botfly",ethanol 95%,unknown,1,1.0,,,,,,
KSB:Mamm:2685,Peromyscus maniculatus,Peromyscus,ectoparasite,https://arctos.database.museum/guid/KSB:Mamm:2685/PID33207312,"3 flea, 10 mites",ethanol 95%,unknown,1,3.0,10.0,,,,,
KSB:Mamm:2689,Peromyscus maniculatus,Peromyscus,ectoparasite,https://arctos.database.museum/guid/KSB:Mamm:2689/PID33207341,5 fleas,ethanol 95%,unknown,1,5.0,,,,,,
KSB:Mamm:2690,Peromyscus maniculatus,Peromyscus,ectoparasite,https://arctos.database.museum/guid/KSB:Mamm:2690/PID33207349,2 mites,ethanol 95%,unknown,1,,2.0,,,,,
KSB:Mamm:2693,Peromyscus leucopus,Peromyscus,ectoparasite,https://arctos.database.museum/guid/KSB:Mamm:2693/PID33207374,1 flea,ethanol 95%,unknown,1,1.0,,,,,,
KSB:Mamm:2695,Sigmodon hispidus,Sigmodon,ectoparasite,https://arctos.database.museum/guid/KSB:Mamm:2695/PID33207489,tick,ethanol 95%,unknown,1,,,,,,,
KSB:Mamm:2715,Reithrodontomys megalotis,Reithrodontomys,ectoparasite,https://arctos.database.museum/guid/KSB:Mamm:2715/PID33222055,"1 mite, 1 mite egg",ethanol 95%,unknown,1,,1.0,,,,,
KSB:Mamm:2716,Peromyscus leucopus,Peromyscus,ectoparasite,https://arctos.database.museum/guid/KSB:Mamm:2716/PID33222062,3 mites,ethanol 95%,unknown,1,,3.0,,,,,
KSB:Mamm:2718,Peromyscus leucopus,Peromyscus,ectoparasite,https://arctos.database.museum/guid/KSB:Mamm:2718/PID33222075,"1 flea, 6 mites",ethanol 95%,unknown,1,1.0,6.0,,,,,
KSB:Mamm:2718,Peromyscus leucopus,Peromyscus,nematode,https://arctos.database.museum/guid/KSB:Mamm:2718/PID33222076,4 found in small intestine,ethanol 80%,unknown,1,,,,,,,
KSB:Mamm:2719,Peromyscus leucopus,Peromyscus,ectoparasite,https://arctos.database.museum/guid/KSB:Mamm:2719/PID33222083,3 fleas,ethanol 95%,unknown,1,3.0,,,,,,
KSB:Mamm:2719,Peromyscus leucopus,Peromyscus,nematode,https://arctos.database.museum/guid/KSB:Mamm:2719/PID33222084,1 found in small intestine,ethanol 80%,unknown,1,,,,,,,
KSB:Mamm:2721,Peromyscus leucopus,Peromyscus,ectoparasite,https://arctos.database.museum/guid/KSB:Mamm:2721/PID33222097,9 fleas,ethanol 95%,unknown,1,9.0,,,,,,
KSB:Mamm:2722,Sigmodon hispidus,Sigmodon,ectoparasite,https://arctos.database.museum/guid/KSB:Mamm:2722/PID33222104,4 fleas,ethanol 95%,unknown,1,4.0,,,,,,
KSB:Mamm:2722,Sigmodon hispidus,Sigmodon,nematode,https://arctos.database.museum/guid/KSB:Mamm:2722/PID33222105,2 found in small intestine,ethanol 80%,unknown,1,,,,,,,
KSB:Mamm:2723,Peromyscus leucopus,Peromyscus,ectoparasite,https://arctos.database.museum/guid/KSB:Mamm:2723/PID33222112,26 mites,ethanol 95%,unknown,1,,26.0,,,,,
KSB:Mamm:2723,Peromyscus leucopus,Peromyscus,ectoparasite,https://arctos.database.museum/guid/KSB:Mamm:2723/PID33222113,2 fleas,ethanol 95%,unknown,1,2.0,,,,,,
KSB:Mamm:2724,Peromyscus leucopus,Peromyscus,ectoparasite,https://arctos.database.museum/guid/KSB:Mamm:2724/PID33222120,1 flea,ethanol 95%,unknown,1,1.0,,,,,,
KSB:Mamm:2725,Sigmodon hispidus,Sigmodon,ectoparasite,https://arctos.database.museum/guid/KSB:Mamm:2725/PID33222127,5 fleas,ethanol 95%,unknown,1,5.0,,,,,,
KSB:Mamm:2725,Sigmodon hispidus,Sigmodon,nematode,https://arctos.database.museum/guid/KSB:Mamm:2725/PID33222128,1 nematode found in small intestine,ethanol 80%,unknown,1,,,,,1.0,,
KSB:Mamm:2726,Sigmodon hispidus,Sigmodon,ectoparasite,https://arctos.database.museum/guid/KSB:Mamm:2726/PID33222135,5 fleas,ethanol 95%,unknown,1,5.0,,,,,,
KSB:Mamm:2726,Sigmodon hispidus,Sigmodon,nematode,https://arctos.database.museum/guid/KSB:Mamm:2726/PID33222136,2 nematodes found in small intestine,ethanol 80%,unknown,1,,,,,2.0,,
KSB:Mamm:2726,Sigmodon hispidus,Sigmodon,cestode,https://arctos.database.museum/guid/KSB:Mamm:2726/PID33222137,1 cestode found in small intesstine,ethanol 80%,unknown,1,,,,,,1.0,
KSB:Mamm:2727,Sigmodon hispidus,Sigmodon,ectoparasite,https://arctos.database.museum/guid/KSB:Mamm:2727/PID33222144,"4 fleas, 2 ticks, 8 lice",ethanol 95%,unknown,1,4.0,,2.0,8.0,,,
KSB:Mamm:2727,Sigmodon hispidus,Sigmodon,cestode,https://arctos.database.museum/guid/KSB:Mamm:2727/PID33222145,3 cestodes found in small intestine,ethanol 80%,unknown,1,,,,,,3.0,
KSB:Mamm:2728,Sigmodon hispidus,Sigmodon,ectoparasite,https://arctos.database.museum/guid/KSB:Mamm:2728/PID33222152,35 lice,ethanol 95%,unknown,1,,,,35.0,,,
KSB:Mamm:2728,Sigmodon hispidus,Sigmodon,ectoparasite,https://arctos.database.museum/guid/KSB:Mamm:2728/PID33222153,1 flea,ethanol 95%,unknown,1,1.0,,,,,,
KSB:Mamm:2728,Sigmodon hispidus,Sigmodon,nematode,https://arctos.database.museum/guid/KSB:Mamm:2728/PID33222154,6 nematodes found in small intestine,ethanol 80%,unknown,1,,,,,6.0,,
KSB:Mamm:2729,Peromyscus leucopus,Peromyscus,ectoparasite,https://arctos.database.museum/guid/KSB:Mamm:2729/PID33222161,1 flea,ethanol 95%,unknown,1,1.0,,,,,,
KSB:Mamm:2731,Sigmodon hispidus,Sigmodon,nematode,https://arctos.database.museum/guid/KSB:Mamm:2731/PID33222174,"6 found in small intestine, 5 in stomach",ethanol 80%,unknown,1,,,,,,,
KSB:Mamm:2731,Sigmodon hispidus,Sigmodon,cestode,https://arctos.database.museum/guid/KSB:Mamm:2731/PID33222175,7 found in small intestine,ethanol 80%,unknown,1,,,,,,,
KSB:Mamm:2732,Peromyscus leucopus,Peromyscus,ectoparasite,https://arctos.database.museum/guid/KSB:Mamm:2732/PID33222182,"3 fleas, 2 mites",ethanol 95%,unknown,1,3.0,2.0,,,,,
KSB:Mamm:2733,Peromyscus leucopus,Peromyscus,ectoparasite,https://arctos.database.museum/guid/KSB:Mamm:2733/PID33222189,"4 fleas, 4 mites",ethanol 95%,unknown,1,4.0,4.0,,,,,
KSB:Mamm:2734,Peromyscus leucopus,Peromyscus,ectoparasite,https://arctos.database.museum/guid/KSB:Mamm:2734/PID33222196,"2 fleas, 6 mites",ethanol 95%,unknown,1,2.0,6.0,,,,,
KSB:Mamm:2735,Peromyscus leucopus,Peromyscus,ectoparasite,https://arctos.database.museum/guid/KSB:Mamm:2735/PID33222203,"2 fleas, 2 mites",ethanol 95%,unknown,1,2.0,2.0,,,,,
KSB:Mamm:2736,Peromyscus leucopus,Peromyscus,ectoparasite,https://arctos.database.museum/guid/KSB:Mamm:2736/PID33222211,"9 fleas, 9 mites",ethanol 95%,unknown,1,9.0,9.0,,,,,
KSB:Mamm:2737,Neotoma floridana,Neotoma,ectoparasite,https://arctos.database.museum/guid/KSB:Mamm:2737/PID33222219,"6 fleas, 4 mites",ethanol 95%,unknown,1,6.0,4.0,,,,,
KSB:Mamm:2738,Neotoma floridana,Neotoma,ectoparasite,https://arctos.database.museum/guid/KSB:Mamm:2738/PID33222227,"3 fleas, 1 mite",ethanol 95%,unknown,1,3.0,1.0,,,,,
KSB:Mamm:2740,Peromyscus leucopus,Peromyscus,ectoparasite,https://arctos.database.museum/guid/KSB:Mamm:2740/PID33222240,"6 fleas, 3 mites",ethanol 95%,unknown,1,6.0,3.0,,,,,
KSB:Mamm:2741,Reithrodontomys montanus,Reithrodontomys,ectoparasite,https://arctos.database.museum/guid/KSB:Mamm:2741/PID33222247,mite eggs,ethanol 95%,unknown,1,,,,,,,
KSB:Mamm:2742,Sigmodon hispidus,Sigmodon,ectoparasite,https://arctos.database.museum/guid/KSB:Mamm:2742/PID33222256,"21 lice, mite eggs",ethanol 95%,unknown,1,,,,21.0,,,
KSB:Mamm:2742,Sigmodon hispidus,Sigmodon,nematode,https://arctos.database.museum/guid/KSB:Mamm:2742/PID33222257,11 found in stomach,ethanol 80%,unknown,1,,,,,,,
KSB:Mamm:2743,Peromyscus leucopus,Peromyscus,ectoparasite,https://arctos.database.museum/guid/KSB:Mamm:2743/PID33222268,"3 fleas, 1 mite, 1 louse",ethanol 95%,unknown,1,3.0,1.0,,1.0,,,
KSB:Mamm:2743,Peromyscus leucopus,Peromyscus,nematode,https://arctos.database.museum/guid/KSB:Mamm:2743/PID33222269,4 found in small intestine,ethanol 80%,unknown,1,,,,,,,
KSB:Mamm:2744,Peromyscus leucopus,Peromyscus,ectoparasite,https://arctos.database.museum/guid/KSB:Mamm:2744/PID33222276,4 fleas,ethanol 95%,unknown,1,4.0,,,,,,
KSB:Mamm:2745,Peromyscus leucopus,Peromyscus,ectoparasite,https://arctos.database.museum/guid/KSB:Mamm:2745/PID33222283,"2 fleas, 3 mites",ethanol 95%,unknown,1,2.0,3.0,,,,,
KSB:Mamm:2746,Peromyscus leucopus,Peromyscus,ectoparasite,https://arctos.database.museum/guid/KSB:Mamm:2746/PID33222290,"3 fleas, 1 mite",ethanol 95%,unknown,1,3.0,1.0,,,,,
KSB:Mamm:2747,Peromyscus leucopus,Peromyscus,ectoparasite,https://arctos.database.museum/guid/KSB:Mamm:2747/PID33222297,"2 fleas, 1 mite",ethanol 95%,unknown,1,2.0,1.0,,,,,
KSB:Mamm:2748,Peromyscus leucopus,Peromyscus,ectoparasite,https://arctos.database.museum/guid/KSB:Mamm:2748/PID33222304,"8 fleas, 4 mites",ethanol 95%,unknown,1,8.0,4.0,,,,,
KSB:Mamm:2749,Sigmodon hispidus,Sigmodon,ectoparasite,https://arctos.database.museum/guid/KSB:Mamm:2749/PID33222311,5 mites,ethanol 95%,unknown,1,,5.0,,,,,
KSB:Mamm:2750,Neotoma floridana,Neotoma,ectoparasite,https://arctos.database.museum/guid/KSB:Mamm:2750/PID33222318,"2 fleas, mite eggs",ethanol 95%,unknown,1,2.0,,,,,,
KSB:Mamm:2751,Peromyscus leucopus,Peromyscus,ectoparasite,https://arctos.database.museum/guid/KSB:Mamm:2751/PID33222325,1 flea,ethanol 95%,unknown,1,1.0,,,,,,
KSB:Mamm:2752,Reithrodontomys montanus,Reithrodontomys,ectoparasite,https://arctos.database.museum/guid/KSB:Mamm:2752/PID33222332,1 flea,ethanol 95%,unknown,1,1.0,,,,,,
KSB:Mamm:2754,Reithrodontomys montanus,Reithrodontomys,ectoparasite,https://arctos.database.museum/guid/KSB:Mamm:2754/PID33222344,"1 flea, mite eggs",ethanol 95%,unknown,1,1.0,,,,,,
KSB:Mamm:2755,Sigmodon hispidus,Sigmodon,ectoparasite,https://arctos.database.museum/guid/KSB:Mamm:2755/PID33222352,"1 tick, 2 lice",ethanol 95%,unknown,1,,,1.0,2.0,,,
KSB:Mamm:2755,Sigmodon hispidus,Sigmodon,nematode,https://arctos.database.museum/guid/KSB:Mamm:2755/PID33222353,"10 found in small intestine, 1 found in stomach",ethanol 80%,unknown,1,,,,,,,
KSB:Mamm:2755,Sigmodon hispidus,Sigmodon,cestode,https://arctos.database.museum/guid/KSB:Mamm:2755/PID33222354,5 found in small intestine,ethanol 80%,unknown,1,,,,,,,
KSB:Mamm:2762,Sigmodon hispidus,Sigmodon,ectoparasite,https://arctos.database.museum/guid/KSB:Mamm:2762/PID33227417,2 mites,ethanol 95%,unknown,1,,2.0,,,,,
KSB:Mamm:2762,Sigmodon hispidus,Sigmodon,nematode,https://arctos.database.museum/guid/KSB:Mamm:2762/PID33227418,4 found in small intestine,ethanol 80%,unknown,1,,,,,,,
KSB:Mamm:2763,Peromyscus leucopus,Peromyscus,ectoparasite,https://arctos.database.museum/guid/KSB:Mamm:2763/PID33227424,1 flea,ethanol 95%,unknown,1,1.0,,,,,,
KSB:Mamm:2764,Peromyscus leucopus,Peromyscus,ectoparasite,https://arctos.database.museum/guid/KSB:Mamm:2764/PID33227430,1 flea,ethanol 95%,unknown,1,1.0,,,,,,
KSB:Mamm:2765,Sigmodon hispidus,Sigmodon,ectoparasite,https://arctos.database.museum/guid/KSB:Mamm:2765/PID33227436,1 tick,ethanol 95%,unknown,1,,,1.0,,,,
KSB:Mamm:2766,Peromyscus leucopus,Peromyscus,ectoparasite,https://arctos.database.museum/guid/KSB:Mamm:2766/PID33227442,"2 fleas, 105 mites",ethanol 95%,unknown,1,2.0,105.0,,,,,
KSB:Mamm:2768,Peromyscus leucopus,Peromyscus,ectoparasite,https://arctos.database.museum/guid/KSB:Mamm:2768/PID33227453,"2 fleas, 2 mites",ethanol 95%,unknown,1,2.0,2.0,,,,,
KSB:Mamm:2769,Peromyscus leucopus,Peromyscus,ectoparasite,https://arctos.database.museum/guid/KSB:Mamm:2769/PID33227459,"1 flea, 75 mites",ethanol 95%,unknown,1,1.0,75.0,,,,,
KSB:Mamm:2770,Peromyscus leucopus,Peromyscus,ectoparasite,https://arctos.database.museum/guid/KSB:Mamm:2770/PID33227465,"1 flea, 11 mites",ethanol 95%,unknown,1,1.0,11.0,,,,,
KSB:Mamm:2771,Peromyscus leucopus,Peromyscus,ectoparasite,https://arctos.database.museum/guid/KSB:Mamm:2771/PID33227471,"1 flea, 1 mite",ethanol 95%,unknown,1,1.0,1.0,,,,,
KSB:Mamm:2773,Sigmodon hispidus,Sigmodon,nematode,https://arctos.database.museum/guid/KSB:Mamm:2773/PID33227485,3 found in small intestine,ethanol 80%,unknown,1,,,,,,,
KSB:Mamm:2774,Sigmodon hispidus,Sigmodon,ectoparasite,https://arctos.database.museum/guid/KSB:Mamm:2774/PID33227493,2 fleas,ethanol 95%,unknown,1,2.0,,,,,,
KSB:Mamm:2776,Sigmodon hispidus,Sigmodon,ectoparasite,https://arctos.database.museum/guid/KSB:Mamm:2776/PID33227508,"2 fleas, 11 mites, 5 lice, mite eggs",ethanol 95%,unknown,1,2.0,11.0,,5.0,,,
KSB:Mamm:2777,Peromyscus leucopus,Peromyscus,ectoparasite,https://arctos.database.museum/guid/KSB:Mamm:2777/PID33227516,3 mites,ethanol 95%,unknown,1,,3.0,,,,,
KSB:Mamm:2777,Peromyscus leucopus,Peromyscus,nematode,https://arctos.database.museum/guid/KSB:Mamm:2777/PID33227517,2 found in small intestine,ethanol 80%,unknown,1,,,,,,,
KSB:Mamm:2779,Microtus ochrogaster,Microtus,ectoparasite,https://arctos.database.museum/guid/KSB:Mamm:2779/PID33227532,"2 fleas, 12 mites, mite eggs",ethanol 95%,unknown,1,2.0,12.0,,,,,
KSB:Mamm:2779,Microtus ochrogaster,Microtus,cestode,https://arctos.database.museum/guid/KSB:Mamm:2779/PID33227533,3 found in small intestine,ethanol 80%,unknown,1,,,,,,,
KSB:Mamm:2780,Peromyscus leucopus,Peromyscus,ectoparasite,https://arctos.database.museum/guid/KSB:Mamm:2780/PID33227541,2 fleas,ethanol 95%,unknown,1,2.0,,,,,,
KSB:Mamm:2781,Neotoma floridana,Neotoma,ectoparasite,https://arctos.database.museum/guid/KSB:Mamm:2781/PID33227549,2 fleas,ethanol 95%,unknown,1,2.0,,,,,,
KSB:Mamm:2782,Peromyscus leucopus,Peromyscus,ectoparasite,https://arctos.database.museum/guid/KSB:Mamm:2782/PID33227554,7 fleas,ethanol 95%,unknown,1,7.0,,,,,,
KSB:Mamm:2784,Peromyscus leucopus,Peromyscus,ectoparasite,https://arctos.database.museum/guid/KSB:Mamm:2784/PID33227565,"4 fleas, 8 mites",ethanol 95%,unknown,1,4.0,8.0,,,,,
KSB:Mamm:2785,Peromyscus leucopus,Peromyscus,ectoparasite,https://arctos.database.museum/guid/KSB:Mamm:2785/PID33227571,"3 fleas, 5 mites",ethanol 95%,unknown,1,3.0,5.0,,,,,
KSB:Mamm:2786,Peromyscus leucopus,Peromyscus,ectoparasite,https://arctos.database.museum/guid/KSB:Mamm:2786/PID33227577,"2 fleas, 38 mites",ethanol 95%,unknown,1,2.0,38.0,,,,,
KSB:Mamm:2787,Peromyscus leucopus,Peromyscus,ectoparasite,https://arctos.database.museum/guid/KSB:Mamm:2787/PID33227583,"6 fleas, 53 mites",ethanol 95%,unknown,1,6.0,53.0,,,,,
KSB:Mamm:2788,Peromyscus leucopus,Peromyscus,ectoparasite,https://arctos.database.museum/guid/KSB:Mamm:2788/PID33227589,3 mites,ethanol 95%,unknown,1,,3.0,,,,,
KSB:Mamm:2790,Peromyscus leucopus,Peromyscus,ectoparasite,https://arctos.database.museum/guid/KSB:Mamm:2790/PID33227600,1 flea,ethanol 95%,unknown,1,1.0,,,,,,
KSB:Mamm:2791,Peromyscus leucopus,Peromyscus,ectoparasite,https://arctos.database.museum/guid/KSB:Mamm:2791/PID33227606,"1 flea, 3 mites",ethanol 95%,unknown,1,1.0,3.0,,,,,
KSB:Mamm:2794,Peromyscus leucopus,Peromyscus,ectoparasite,https://arctos.database.museum/guid/KSB:Mamm:2794/PID33295033,1 tick 1 flea,ethanol 95%,unknown,1,1.0,,1.0,,,,
KSB:Mamm:2795,Peromyscus leucopus,Peromyscus,ectoparasite,https://arctos.database.museum/guid/KSB:Mamm:2795/PID33295042,4 tick,ethanol 95%,unknown,1,,,4.0,,,,
KSB:Mamm:2797,Peromyscus leucopus,Peromyscus,ectoparasite,https://arctos.database.museum/guid/KSB:Mamm:2797/PID33295059,2 tick,ethanol 95%,unknown,1,,,2.0,,,,
KSB:Mamm:2798,Peromyscus leucopus,Peromyscus,ectoparasite,https://arctos.database.museum/guid/KSB:Mamm:2798/PID33295068,2 tick,ethanol 95%,unknown,1,,,2.0,,,,
KSB:Mamm:2799,Peromyscus leucopus,Peromyscus,ectoparasite,https://arctos.database.museum/guid/KSB:Mamm:2799/PID33295077,3 tick,ethanol 95%,unknown,1,,,3.0,,,,
KSB:Mamm:2800,Peromyscus leucopus,Peromyscus,ectoparasite,https://arctos.database.museum/guid/KSB:Mamm:2800/PID33295086,2 tick,ethanol 95%,unknown,1,,,2.0,,,,
KSB:Mamm:2801,Peromyscus leucopus,Peromyscus,ectoparasite,https://arctos.database.museum/guid/KSB:Mamm:2801/PID33295095,1 tick,ethanol 95%,unknown,1,,,1.0,,,,
KSB:Mamm:2802,Neotoma floridana,Neotoma,ectoparasite,https://arctos.database.museum/guid/KSB:Mamm:2802/PID33295104,1 tick,ethanol 95%,unknown,1,,,1.0,,,,
KSB:Mamm:2802,Neotoma floridana,Neotoma,cestode,https://arctos.database.museum/guid/KSB:Mamm:2802/PID33295105,found in small intestine,ethanol 80%,unknown,1,,,,,,,
KSB:Mamm:2803,Neotoma floridana,Neotoma,ectoparasite,https://arctos.database.museum/guid/KSB:Mamm:2803/PID33295114,6 flea,ethanol 95%,unknown,1,6.0,,,,,,
KSB:Mamm:2804,Peromyscus leucopus,Peromyscus,ectoparasite,https://arctos.database.museum/guid/KSB:Mamm:2804/PID33295124,1 tick,ethanol 95%,unknown,1,,,1.0,,,,
KSB:Mamm:2805,Neotoma floridana,Neotoma,ectoparasite,https://arctos.database.museum/guid/KSB:Mamm:2805/PID33295133,2 Flea,ethanol 95%,unknown,1,2.0,,,,,,
KSB:Mamm:2806,Neotoma floridana,Neotoma,ectoparasite,https://arctos.database.museum/guid/KSB:Mamm:2806/PID33295142,7 flea 2 tick,ethanol 95%,unknown,1,7.0,,2.0,,,,
KSB:Mamm:2807,Neotoma floridana,Neotoma,nematode,https://arctos.database.museum/guid/KSB:Mamm:2807/PID33295151,pinworms,ethanol 80%,unknown,1,,,,,,,
KSB:Mamm:2807,Neotoma floridana,Neotoma,cestode,https://arctos.database.museum/guid/KSB:Mamm:2807/PID33295152,,ethanol 80%,unknown,1,,,,,,,
KSB:Mamm:2807,Neotoma floridana,Neotoma,cestode,https://arctos.database.museum/guid/KSB:Mamm:2807/PID33295153,,ethanol 80%,unknown,1,,,,,,,
KSB:Mamm:2807,Neotoma floridana,Neotoma,cestode,https://arctos.database.museum/guid/KSB:Mamm:2807/PID33295450,many,ethanol 80%,unknown,1,,,,,,,
KSB:Mamm:2809,Microtus ochrogaster,Microtus,ectoparasite,https://arctos.database.museum/guid/KSB:Mamm:2809/PID33295170,2 flea,ethanol 95%,unknown,1,2.0,,,,,,
KSB:Mamm:2809,Microtus ochrogaster,Microtus,cestode,https://arctos.database.museum/guid/KSB:Mamm:2809/PID33295171,2 found in small intestine,ethanol 80%,unknown,1,,,,,,,
KSB:Mamm:2812,Peromyscus maniculatus,Peromyscus,ectoparasite,https://arctos.database.museum/guid/KSB:Mamm:2812/PID33295197,1 mite,ethanol 95%,unknown,1,,1.0,,,,,
KSB:Mamm:2813,Peromyscus leucopus,Peromyscus,ectoparasite,https://arctos.database.museum/guid/KSB:Mamm:2813/PID33295206,2 tick,ethanol 95%,unknown,1,,,2.0,,,,
KSB:Mamm:2814,Peromyscus leucopus,Peromyscus,ectoparasite,https://arctos.database.museum/guid/KSB:Mamm:2814/PID33295215,2 tick,ethanol 95%,unknown,1,,,2.0,,,,
KSB:Mamm:2816,Peromyscus leucopus,Peromyscus,ectoparasite,https://arctos.database.museum/guid/KSB:Mamm:2816/PID33295232,1 flea 2 tick,ethanol 95%,unknown,1,1.0,,2.0,,,,
KSB:Mamm:2817,Peromyscus leucopus,Peromyscus,ectoparasite,https://arctos.database.museum/guid/KSB:Mamm:2817/PID33295241,1 flea 3 tick,ethanol 95%,unknown,1,1.0,,3.0,,,,
KSB:Mamm:2857,Peromyscus leucopus,Peromyscus,ectoparasite,https://arctos.database.museum/guid/KSB:Mamm:2857/PID33296993,1 Flea,ethanol 95%,unknown,1,1.0,,,,,,
KSB:Mamm:2858,Peromyscus leucopus,Peromyscus,ectoparasite,https://arctos.database.museum/guid/KSB:Mamm:2858/PID33296999,Tick,ethanol 95%,unknown,1,,,,,,,
KSB:Mamm:2859,Peromyscus leucopus,Peromyscus,ectoparasite,https://arctos.database.museum/guid/KSB:Mamm:2859/PID33297005,1 flea,ethanol 95%,unknown,1,1.0,,,,,,
KSB:Mamm:2860,Peromyscus leucopus,Peromyscus,ectoparasite,https://arctos.database.museum/guid/KSB:Mamm:2860/PID33297011,2 tick,ethanol 95%,unknown,1,,,2.0,,,,
KSB:Mamm:2862,Sigmodon hispidus,Sigmodon,ectoparasite,https://arctos.database.museum/guid/KSB:Mamm:2862/PID33297022,2 mite,ethanol 95%,unknown,1,,2.0,,,,,
KSB:Mamm:2863,Peromyscus leucopus,Peromyscus,ectoparasite,https://arctos.database.museum/guid/KSB:Mamm:2863/PID33297028,1 tick,ethanol 95%,unknown,1,,,1.0,,,,
KSB:Mamm:2864,Peromyscus leucopus,Peromyscus,ectoparasite,https://arctos.database.museum/guid/KSB:Mamm:2864/PID33297034,tick,ethanol 95%,unknown,1,,,,,,,
KSB:Mamm:2865,Peromyscus leucopus,Peromyscus,ectoparasite,https://arctos.database.museum/guid/KSB:Mamm:2865/PID33297040,tick,ethanol 95%,unknown,1,,,,,,,
KSB:Mamm:2866,Peromyscus leucopus,Peromyscus,ectoparasite,https://arctos.database.museum/guid/KSB:Mamm:2866/PID33297046,2 tick,ethanol 95%,unknown,1,,,2.0,,,,
KSB:Mamm:2867,Peromyscus leucopus,Peromyscus,ectoparasite,https://arctos.database.museum/guid/KSB:Mamm:2867/PID33297052,2 tick,ethanol 95%,unknown,1,,,2.0,,,,
KSB:Mamm:2870,Peromyscus leucopus,Peromyscus,ectoparasite,https://arctos.database.museum/guid/KSB:Mamm:2870/PID33297068,1 flea,ethanol 95%,unknown,1,1.0,,,,,,
KSB:Mamm:2872,Neotoma floridana,Neotoma,ectoparasite,https://arctos.database.museum/guid/KSB:Mamm:2872/PID33297079,1 flea | 1 tick,ethanol 95%,unknown,1,1.0,,1.0,,,,
KSB:Mamm:2873,Peromyscus leucopus,Peromyscus,ectoparasite,https://arctos.database.museum/guid/KSB:Mamm:2873/PID33297085,1 flea,ethanol 95%,unknown,1,1.0,,,,,,
KSB:Mamm:2874,Neotoma floridana,Neotoma,ectoparasite,https://arctos.database.museum/guid/KSB:Mamm:2874/PID33297091,flea,ethanol 95%,unknown,1,,,,,,,
KSB:Mamm:2875,Peromyscus leucopus,Peromyscus,ectoparasite,https://arctos.database.museum/guid/KSB:Mamm:2875/PID33297097,3 flea,ethanol 95%,unknown,1,3.0,,,,,,
KSB:Mamm:2876,Peromyscus leucopus,Peromyscus,ectoparasite,https://arctos.database.museum/guid/KSB:Mamm:2876/PID33297103,1 flea | 1 tick,ethanol 95%,unknown,1,1.0,,1.0,,,,
KSB:Mamm:2877,Neotoma floridana,Neotoma,ectoparasite,https://arctos.database.museum/guid/KSB:Mamm:2877/PID33297109,1 flea | 1 tick,ethanol 95%,unknown,1,1.0,,1.0,,,,
KSB:Mamm:2878,Sigmodon hispidus,Sigmodon,ectoparasite,https://arctos.database.museum/guid/KSB:Mamm:2878/PID33297115,mite | tick,ethanol 95%,unknown,1,,,,,,,
KSB:Mamm:2880,Peromyscus leucopus,Peromyscus,ectoparasite,https://arctos.database.museum/guid/KSB:Mamm:2880/PID33297126,1 tick,ethanol 95%,unknown,1,,,1.0,,,,
KSB:Mamm:2883,Neotoma floridana,Neotoma,ectoparasite,https://arctos.database.museum/guid/KSB:Mamm:2883/PID33297142,1 flea,ethanol 95%,unknown,1,1.0,,,,,,
KSB:Mamm:2884,Peromyscus leucopus,Peromyscus,ectoparasite,https://arctos.database.museum/guid/KSB:Mamm:2884/PID33297148,1 tick,ethanol 95%,unknown,1,,,1.0,,,,
KSB:Mamm:2885,Sigmodon hispidus,Sigmodon,ectoparasite,https://arctos.database.museum/guid/KSB:Mamm:2885/PID33297154,1 flea,ethanol 95%,unknown,1,1.0,,,,,,
KSB:Mamm:2885,Sigmodon hispidus,Sigmodon,cestode,https://arctos.database.museum/guid/KSB:Mamm:2885/PID33297155,liver,ethanol 80%,unknown,1,,,,,,,
KSB:Mamm:2886,Neotoma floridana,Neotoma,ectoparasite,https://arctos.database.museum/guid/KSB:Mamm:2886/PID33297163,3 flea,ethanol 95%,unknown,1,3.0,,,,,,
KSB:Mamm:2887,Neotoma floridana,Neotoma,ectoparasite,https://arctos.database.museum/guid/KSB:Mamm:2887/PID33297169,flea | 1 mite,ethanol 95%,unknown,1,,1.0,,,,,
KSB:Mamm:2888,Neotoma floridana,Neotoma,ectoparasite,https://arctos.database.museum/guid/KSB:Mamm:2888/PID33297175,flea,ethanol 95%,unknown,1,,,,,,,
KSB:Mamm:2889,Peromyscus leucopus,Peromyscus,ectoparasite,https://arctos.database.museum/guid/KSB:Mamm:2889/PID33297181,tick,ethanol 95%,unknown,1,,,,,,,
KSB:Mamm:2891,Sigmodon hispidus,Sigmodon,ectoparasite,https://arctos.database.museum/guid/KSB:Mamm:2891/PID33297192,2 mite | 1 tick,ethanol 95%,unknown,1,,2.0,1.0,,,,
KSB:Mamm:2892,Peromyscus leucopus,Peromyscus,ectoparasite,https://arctos.database.museum/guid/KSB:Mamm:2892/PID33297198,4 tick,ethanol 95%,unknown,1,,,4.0,,,,
KSB:Mamm:2893,Neotoma floridana,Neotoma,ectoparasite,https://arctos.database.museum/guid/KSB:Mamm:2893/PID33297204,5 flea,ethanol 95%,unknown,1,5.0,,,,,,
KSB:Mamm:2894,Sigmodon hispidus,Sigmodon,ectoparasite,https://arctos.database.museum/guid/KSB:Mamm:2894/PID33297210,2 tick,ethanol 95%,unknown,1,,,2.0,,,,
KSB:Mamm:2895,Peromyscus leucopus,Peromyscus,ectoparasite,https://arctos.database.museum/guid/KSB:Mamm:2895/PID33297217,2 tick,ethanol 95%,unknown,1,,,2.0,,,,
KSB:Mamm:2896,Sigmodon hispidus,Sigmodon,ectoparasite,https://arctos.database.museum/guid/KSB:Mamm:2896/PID33297223,2 mite | 1 tick,ethanol 95%,unknown,1,,2.0,1.0,,,,
KSB:Mamm:2897,Sigmodon hispidus,Sigmodon,ectoparasite,https://arctos.database.museum/guid/KSB:Mamm:2897/PID33297229,6 mite,ethanol 95%,unknown,1,,6.0,,,,,
KSB:Mamm:2898,Peromyscus leucopus,Peromyscus,ectoparasite,https://arctos.database.museum/guid/KSB:Mamm:2898/PID33297235,1 mite | 2 tick,ethanol 95%,unknown,1,,1.0,2.0,,,,
KSB:Mamm:2899,Sigmodon hispidus,Sigmodon,ectoparasite,https://arctos.database.museum/guid/KSB:Mamm:2899/PID33297241,1 flea| 2 mite | 2 tick,ethanol 95%,unknown,1,1.0,2.0,2.0,,,,
KSB:Mamm:2901,Sigmodon hispidus,Sigmodon,ectoparasite,https://arctos.database.museum/guid/KSB:Mamm:2901/PID33297252,1 flea,ethanol 95%,unknown,1,1.0,,,,,,
KSB:Mamm:2904,Sigmodon hispidus,Sigmodon,ectoparasite,https://arctos.database.museum/guid/KSB:Mamm:2904/PID33297476,2 mites | over 10 ticks,ethanol 95%,unknown,1,,2.0,10.0,,,,
KSB:Mamm:2906,Sigmodon hispidus,Sigmodon,ectoparasite,https://arctos.database.museum/guid/KSB:Mamm:2906/PID33297487,over 10 ticks,ethanol 95%,unknown,1,,,10.0,,,,
KSB:Mamm:2907,Peromyscus leucopus,Peromyscus,ectoparasite,https://arctos.database.museum/guid/KSB:Mamm:2907/PID33297493,1 tick,ethanol 95%,unknown,1,,,1.0,,,,
KSB:Mamm:2909,Peromyscus leucopus,Peromyscus,ectoparasite,https://arctos.database.museum/guid/KSB:Mamm:2909/PID33297504,1 tick,ethanol 95%,unknown,1,,,1.0,,,,
KSB:Mamm:2910,Peromyscus leucopus,Peromyscus,ectoparasite,https://arctos.database.museum/guid/KSB:Mamm:2910/PID33297510,1 tick,ethanol 95%,unknown,1,,,1.0,,,,
KSB:Mamm:2914,Sigmodon hispidus,Sigmodon,ectoparasite,https://arctos.database.museum/guid/KSB:Mamm:2914/PID33297531,mite eggs | 1 tick,ethanol 95%,unknown,1,,,1.0,,,,
KSB:Mamm:2916,Neotoma floridana,Neotoma,ectoparasite,https://arctos.database.museum/guid/KSB:Mamm:2916/PID33297543,3 fleas,ethanol 95%,unknown,1,3.0,,,,,,
KSB:Mamm:2917,Sigmodon hispidus,Sigmodon,ectoparasite,https://arctos.database.museum/guid/KSB:Mamm:2917/PID33297549,mite eggs | 5 ticks,ethanol 95%,unknown,1,,,5.0,,,,
KSB:Mamm:2918,Neotoma floridana,Neotoma,ectoparasite,https://arctos.database.museum/guid/KSB:Mamm:2918/PID33297555,1 flea | mite eggs | 2 ticks,ethanol 95%,unknown,1,1.0,,2.0,,,,
KSB:Mamm:2919,Neotoma floridana,Neotoma,ectoparasite,https://arctos.database.museum/guid/KSB:Mamm:2919/PID33297561,1 flea | mite eggs,ethanol 95%,unknown,1,1.0,,,,,,
KSB:Mamm:2920,Sigmodon hispidus,Sigmodon,ectoparasite,https://arctos.database.museum/guid/KSB:Mamm:2920/PID33297567,mite eggs | 3 ticks,ethanol 95%,unknown,1,,,3.0,,,,
KSB:Mamm:2921,Sigmodon hispidus,Sigmodon,ectoparasite,https://arctos.database.museum/guid/KSB:Mamm:2921/PID33297573,mite eggs,ethanol 95%,unknown,1,,,,,,,
KSB:Mamm:2923,Peromyscus maniculatus,Peromyscus,ectoparasite,https://arctos.database.museum/guid/KSB:Mamm:2923/PID33297584,1 tick,ethanol 95%,unknown,1,,,1.0,,,,
KSB:Mamm:2924,Peromyscus leucopus,Peromyscus,ectoparasite,https://arctos.database.museum/guid/KSB:Mamm:2924/PID33297590,1 tick,ethanol 95%,unknown,1,,,1.0,,,,
KSB:Mamm:2926,Peromyscus leucopus,Peromyscus,ectoparasite,https://arctos.database.museum/guid/KSB:Mamm:2926/PID33297601,1 tick,ethanol 95%,unknown,1,,,1.0,,,,
KSB:Mamm:2927,Peromyscus leucopus,Peromyscus,ectoparasite,https://arctos.database.museum/guid/KSB:Mamm:2927/PID33297607,1 botfly,ethanol 95%,unknown,1,,,,,,,
KSB:Mamm:2927,Peromyscus leucopus,Peromyscus,ectoparasite,https://arctos.database.museum/guid/KSB:Mamm:2927/PID33297608,3 ticks,ethanol 95%,unknown,1,,,3.0,,,,
KSB:Mamm:2928,Peromyscus leucopus,Peromyscus,ectoparasite,https://arctos.database.museum/guid/KSB:Mamm:2928/PID33297614,8 ticks,ethanol 95%,unknown,1,,,8.0,,,,
KSB:Mamm:2930,Sigmodon hispidus,Sigmodon,ectoparasite,https://arctos.database.museum/guid/KSB:Mamm:2930/PID33297625,1 tick,ethanol 95%,unknown,1,,,1.0,,,,
KSB:Mamm:2932,Sigmodon hispidus,Sigmodon,ectoparasite,https://arctos.database.museum/guid/KSB:Mamm:2932/PID33297636,mite eggs | 2 ticks,ethanol 95%,unknown,1,,,2.0,,,,
KSB:Mamm:2934,Peromyscus leucopus,Peromyscus,ectoparasite,https://arctos.database.museum/guid/KSB:Mamm:2934/PID33297647,8 ticks,ethanol 95%,unknown,1,,,8.0,,,,
KSB:Mamm:2935,Peromyscus leucopus,Peromyscus,ectoparasite,https://arctos.database.museum/guid/KSB:Mamm:2935/PID33297653,tick,ethanol 95%,unknown,1,,,,,,,
KSB:Mamm:2936,Peromyscus leucopus,Peromyscus,ectoparasite,https://arctos.database.museum/guid/KSB:Mamm:2936/PID33297659,2 ticks,ethanol 95%,unknown,1,,,2.0,,,,
KSB:Mamm:2937,Sigmodon hispidus,Sigmodon,ectoparasite,https://arctos.database.museum/guid/KSB:Mamm:2937/PID33297665,2 ticks,ethanol 95%,unknown,1,,,2.0,,,,
KSB:Mamm:2942,Sigmodon hispidus,Sigmodon,ectoparasite,https://arctos.database.museum/guid/KSB:Mamm:2942/PID33297691,mite eggs | tick,ethanol 95%,unknown,1,,,,,,,
KSB:Mamm:2943,Sigmodon hispidus,Sigmodon,ectoparasite,https://arctos.database.museum/guid/KSB:Mamm:2943/PID33297697,over 5 mite eggs | 3 tick,ethanol 95%,unknown,1,,5.0,3.0,,,,
KSB:Mamm:2945,Neotoma floridana,Neotoma,ectoparasite,https://arctos.database.museum/guid/KSB:Mamm:2945/PID33297708,1 mite | 1 tick,ethanol 95%,unknown,1,,1.0,1.0,,,,
KSB:Mamm:2947,Peromyscus leucopus,Peromyscus,ectoparasite,https://arctos.database.museum/guid/KSB:Mamm:2947/PID33297719,5 tick,ethanol 95%,unknown,1,,,5.0,,,,
KSB:Mamm:2947,Peromyscus leucopus,Peromyscus,ectoparasite,https://arctos.database.museum/guid/KSB:Mamm:2947/PID33297720,botfly,ethanol 95%,unknown,1,,,,,,,
KSB:Mamm:2948,Sigmodon hispidus,Sigmodon,ectoparasite,https://arctos.database.museum/guid/KSB:Mamm:2948/PID33297726,mite eggs,ethanol 95%,unknown,1,,,,,,,
KSB:Mamm:2949,Peromyscus leucopus,Peromyscus,ectoparasite,https://arctos.database.museum/guid/KSB:Mamm:2949/PID33297732,1 mite,ethanol 95%,unknown,1,,1.0,,,,,
KSB:Mamm:2951,Blarina hylophaga,Blarina,ectoparasite,https://arctos.database.museum/guid/KSB:Mamm:2951/PID33297743,2 tick,ethanol 95%,unknown,1,,,2.0,,,,
KSB:Mamm:2953,Sigmodon hispidus,Sigmodon,ectoparasite,https://arctos.database.museum/guid/KSB:Mamm:2953/PID33297755,ecto,ethanol 95%,unknown,1,,,,,,,
KSB:Mamm:2954,Peromyscus maniculatus,Peromyscus,ectoparasite,https://arctos.database.museum/guid/KSB:Mamm:2954/PID33297761,6 tick,ethanol 95%,unknown,1,,,6.0,,,,
KSB:Mamm:2957,Sigmodon hispidus,Sigmodon,ectoparasite,https://arctos.database.museum/guid/KSB:Mamm:2957/PID33297777,1 mite | 10 tick,ethanol 95%,unknown,1,,1.0,10.0,,,,
KSB:Mamm:2958,Peromyscus leucopus,Peromyscus,ectoparasite,https://arctos.database.museum/guid/KSB:Mamm:2958/PID33297783,2 tick,ethanol 95%,unknown,1,,,2.0,,,,
KSB:Mamm:2959,Peromyscus leucopus,Peromyscus,ectoparasite,https://arctos.database.museum/guid/KSB:Mamm:2959/PID33297789,1 mite | over 10 tick,ethanol 95%,unknown,1,,1.0,10.0,,,,
KSB:Mamm:2960,Sigmodon hispidus,Sigmodon,ectoparasite,https://arctos.database.museum/guid/KSB:Mamm:2960/PID33297795,over 5 mites | 2 tick,ethanol 95%,unknown,1,,5.0,2.0,,,,
KSB:Mamm:2961,Microtus ochrogaster,Microtus,ectoparasite,https://arctos.database.museum/guid/KSB:Mamm:2961/PID33297801,2 mite | 1 tick,ethanol 95%,unknown,1,,2.0,1.0,,,,
KSB:Mamm:2962,Peromyscus leucopus,Peromyscus,ectoparasite,https://arctos.database.museum/guid/KSB:Mamm:2962/PID33297807,1 tick,ethanol 95%,unknown,1,,,1.0,,,,
KSB:Mamm:2963,Peromyscus maniculatus,Peromyscus,ectoparasite,https://arctos.database.museum/guid/KSB:Mamm:2963/PID33297813,over 10 tick,ethanol 95%,unknown,1,,,10.0,,,,
KSB:Mamm:2964,Peromyscus leucopus,Peromyscus,ectoparasite,https://arctos.database.museum/guid/KSB:Mamm:2964/PID33297819,4 tick,ethanol 95%,unknown,1,,,4.0,,,,
KSB:Mamm:2965,Sigmodon hispidus,Sigmodon,ectoparasite,https://arctos.database.museum/guid/KSB:Mamm:2965/PID33297825,over 10 tick | mite egg,ethanol 95%,unknown,1,,,10.0,,,,
KSB:Mamm:2966,Sigmodon hispidus,Sigmodon,ectoparasite,https://arctos.database.museum/guid/KSB:Mamm:2966/PID33297831,over 10 tick,ethanol 95%,unknown,1,,,10.0,,,,
KSB:Mamm:2968,Sigmodon hispidus,Sigmodon,ectoparasite,https://arctos.database.museum/guid/KSB:Mamm:2968/PID33297842,over 5 tick | over 10 tick | mite eggs,ethanol 95%,unknown,1,,,5.0,,,,
KSB:Mamm:2969,Sigmodon hispidus,Sigmodon,ectoparasite,https://arctos.database.museum/guid/KSB:Mamm:2969/PID33297848,1 mite | mite eggs,ethanol 95%,unknown,1,,1.0,,,,,
KSB:Mamm:2970,Neotoma floridana,Neotoma,ectoparasite,https://arctos.database.museum/guid/KSB:Mamm:2970/PID33297854,1 flea | 2 tick | mite eggs,ethanol 95%,unknown,1,1.0,,2.0,,,,
KSB:Mamm:2971,Neotoma floridana,Neotoma,ectoparasite,https://arctos.database.museum/guid/KSB:Mamm:2971/PID33297860,mite eggs,ethanol 95%,unknown,1,,,,,,,
KSB:Mamm:2972,Peromyscus maniculatus,Peromyscus,ectoparasite,https://arctos.database.museum/guid/KSB:Mamm:2972/PID33297885,1 tick,ethanol 95%,unknown,1,,,1.0,,,,
KSB:Mamm:2975,Sigmodon hispidus,Sigmodon,ectoparasite,https://arctos.database.museum/guid/KSB:Mamm:2975/PID33313528,"1 mite, mite eggs",ethanol 95%,unknown,1,,1.0,,,,,
KSB:Mamm:2976,Sigmodon hispidus,Sigmodon,ectoparasite,https://arctos.database.museum/guid/KSB:Mamm:2976/PID33313534,2 mites,ethanol 95%,unknown,1,,2.0,,,,,
KSB:Mamm:2977,Sigmodon hispidus,Sigmodon,ectoparasite,https://arctos.database.museum/guid/KSB:Mamm:2977/PID33313540,"4 mites, 1 tick",ethanol 95%,unknown,1,,4.0,1.0,,,,
KSB:Mamm:2978,Sigmodon hispidus,Sigmodon,ectoparasite,https://arctos.database.museum/guid/KSB:Mamm:2978/PID33313546,"2 mites, mite eggs",ethanol 95%,unknown,1,,2.0,,,,,
KSB:Mamm:2979,Sigmodon hispidus,Sigmodon,ectoparasite,https://arctos.database.museum/guid/KSB:Mamm:2979/PID33313552,1 mite,ethanol 95%,unknown,1,,1.0,,,,,
KSB:Mamm:2980,Sigmodon hispidus,Sigmodon,ectoparasite,https://arctos.database.museum/guid/KSB:Mamm:2980/PID33313558,"6 mites, mite eggs",ethanol 95%,unknown,1,,6.0,,,,,
KSB:Mamm:2981,Peromyscus leucopus,Peromyscus,ectoparasite,https://arctos.database.museum/guid/KSB:Mamm:2981/PID33313564,1 tick,ethanol 95%,unknown,1,,,1.0,,,,
KSB:Mamm:2983,Neotoma floridana,Neotoma,ectoparasite,https://arctos.database.museum/guid/KSB:Mamm:2983/PID33313575,1 flea,ethanol 95%,unknown,1,1.0,,,,,,
KSB:Mamm:2984,Neotoma floridana,Neotoma,ectoparasite,https://arctos.database.museum/guid/KSB:Mamm:2984/PID33313581,8 fleas,ethanol 95%,unknown,1,8.0,,,,,,
KSB:Mamm:2985,Neotoma floridana,Neotoma,ectoparasite,https://arctos.database.museum/guid/KSB:Mamm:2985/PID33313587,2 fleas,ethanol 95%,unknown,1,2.0,,,,,,
KSB:Mamm:2988,Peromyscus leucopus,Peromyscus,ectoparasite,https://arctos.database.museum/guid/KSB:Mamm:2988/PID33313603,1 mite,ethanol 95%,unknown,1,,1.0,,,,,
KSB:Mamm:2992,Neotoma floridana,Neotoma,ectoparasite,https://arctos.database.museum/guid/KSB:Mamm:2992/PID33313624,"6 fleas, 2 ticks",ethanol 95%,unknown,1,6.0,,2.0,,,,
KSB:Mamm:2993,Peromyscus leucopus,Peromyscus,ectoparasite,https://arctos.database.museum/guid/KSB:Mamm:2993/PID33313630,1 tick,ethanol 95%,unknown,1,,,1.0,,,,
KSB:Mamm:2994,Peromyscus leucopus,Peromyscus,ectoparasite,https://arctos.database.museum/guid/KSB:Mamm:2994/PID33313636,1 mite,ethanol 95%,unknown,1,,1.0,,,,,
KSB:Mamm:2995,Neotoma floridana,Neotoma,ectoparasite,https://arctos.database.museum/guid/KSB:Mamm:2995/PID33313642,9 fleas,ethanol 95%,unknown,1,9.0,,,,,,
KSB:Mamm:4122,Peromyscus leucopus,Peromyscus,ectoparasite,https://arctos.database.museum/guid/KSB:Mamm:4122/PID33617264,"1 flea, 1 mite",ethanol 95%,unknown,1,1.0,1.0,,,,,
KSB:Mamm:4125,Peromyscus leucopus,Peromyscus,ectoparasite,https://arctos.database.museum/guid/KSB:Mamm:4125/PID33617286,3 fleas,ethanol 95%,unknown,1,3.0,,,,,,
KSB:Mamm:4126,Sigmodon hispidus,Sigmodon,ectoparasite,https://arctos.database.museum/guid/KSB:Mamm:4126/PID33617294,"1 flea, 1 mite",ethanol 95%,unknown,1,1.0,1.0,,,,,
KSB:Mamm:4127,Sigmodon hispidus,Sigmodon,ectoparasite,https://arctos.database.museum/guid/KSB:Mamm:4127/PID33617302,1 mite,ethanol 95%,unknown,1,,1.0,,,,,
KSB:Mamm:4128,Sigmodon hispidus,Sigmodon,ectoparasite,https://arctos.database.museum/guid/KSB:Mamm:4128/PID33617310,"over 3 mites, 3 ticks",ethanol 95%,unknown,1,,3.0,3.0,,,,
KSB:Mamm:4129,Sigmodon hispidus,Sigmodon,ectoparasite,https://arctos.database.museum/guid/KSB:Mamm:4129/PID33617319,"over 5 fleas, over 5 mites",ethanol 95%,unknown,1,5.0,5.0,,,,,
KSB:Mamm:4130,Sigmodon hispidus,Sigmodon,ectoparasite,https://arctos.database.museum/guid/KSB:Mamm:4130/PID33617327,"2 ticks, 1 mite egg",ethanol 95%,unknown,1,,1.0,2.0,,,,
KSB:Mamm:4131,Sigmodon hispidus,Sigmodon,ectoparasite,https://arctos.database.museum/guid/KSB:Mamm:4131/PID33617335,2 mites,ethanol 95%,unknown,1,,2.0,,,,,
KSB:Mamm:4132,Sigmodon hispidus,Sigmodon,ectoparasite,https://arctos.database.museum/guid/KSB:Mamm:4132/PID33617343,"1 flea, over 5 mites, 1 tick",ethanol 95%,unknown,1,1.0,5.0,1.0,,,,
KSB:Mamm:4133,Peromyscus leucopus,Peromyscus,ectoparasite,https://arctos.database.museum/guid/KSB:Mamm:4133/PID33617351,"3 fleas, 1 mite, 1 tick",ethanol 95%,unknown,1,3.0,1.0,1.0,,,,
KSB:Mamm:4134,Peromyscus maniculatus,Peromyscus,ectoparasite,https://arctos.database.museum/guid/KSB:Mamm:4134/PID33617359,"8 fleas, over 5 mites, over 5 ticks",ethanol 95%,unknown,1,8.0,5.0,5.0,,,,
KSB:Mamm:4135,Sigmodon hispidus,Sigmodon,ectoparasite,https://arctos.database.museum/guid/KSB:Mamm:4135/PID33617367,"over 3 mites, over 5 ticks",ethanol 95%,unknown,1,,3.0,5.0,,,,
KSB:Mamm:4136,Neotoma floridana,Neotoma,ectoparasite,https://arctos.database.museum/guid/KSB:Mamm:4136/PID33617376,"2 fleas, 1 mite, 1 tick",ethanol 95%,unknown,1,2.0,1.0,1.0,,,,
KSB:Mamm:4137,Neotoma floridana,Neotoma,ectoparasite,https://arctos.database.museum/guid/KSB:Mamm:4137/PID33617384,"8 fleas, mite eggs",ethanol 95%,unknown,1,8.0,,,,,,
KSB:Mamm:4137,Neotoma floridana,Neotoma,nematode,https://arctos.database.museum/guid/KSB:Mamm:4137/PID33617385,2 found in caecum,ethanol 80%,unknown,1,,,,,,,
KSB:Mamm:4138,Neotoma floridana,Neotoma,ectoparasite,https://arctos.database.museum/guid/KSB:Mamm:4138/PID33617393,"1 flea, 2 ticks",ethanol 95%,unknown,1,1.0,,2.0,,,,
KSB:Mamm:4139,Sigmodon hispidus,Sigmodon,ectoparasite,https://arctos.database.museum/guid/KSB:Mamm:4139/PID33617401,"over 5 fleas, 1 tick",ethanol 95%,unknown,1,5.0,,1.0,,,,
KSB:Mamm:4140,Neotoma floridana,Neotoma,ectoparasite,https://arctos.database.museum/guid/KSB:Mamm:4140/PID33617410,2 fleas,ethanol 95%,unknown,1,2.0,,,,,,
KSB:Mamm:4141,Neotoma floridana,Neotoma,ectoparasite,https://arctos.database.museum/guid/KSB:Mamm:4141/PID33617418,3 fleas,ethanol 95%,unknown,1,3.0,,,,,,
KSB:Mamm:4141,Neotoma floridana,Neotoma,nematode,https://arctos.database.museum/guid/KSB:Mamm:4141/PID33617419,1 found in small intestine,ethanol 80%,unknown,1,,,,,,,
KSB:Mamm:4143,Peromyscus leucopus,Peromyscus,ectoparasite,https://arctos.database.museum/guid/KSB:Mamm:4143/PID33617434,"1 flea, 1 tick",ethanol 95%,unknown,1,1.0,,1.0,,,,
KSB:Mamm:4145,Peromyscus leucopus,Peromyscus,ectoparasite,https://arctos.database.museum/guid/KSB:Mamm:4145/PID33617449,2 fleas,ethanol 95%,unknown,1,2.0,,,,,,
KSB:Mamm:4146,Microtus ochrogaster,Microtus,ectoparasite,https://arctos.database.museum/guid/KSB:Mamm:4146/PID33617457,"2 fleas, mite eggs",ethanol 95%,unknown,1,2.0,,,,,,
KSB:Mamm:4146,Microtus ochrogaster,Microtus,cestode,https://arctos.database.museum/guid/KSB:Mamm:4146/PID33617458,5 found in small intestine,ethanol 80%,unknown,1,,,,,,,
KSB:Mamm:4149,Blarina hylophaga,Blarina,ectoparasite,https://arctos.database.museum/guid/KSB:Mamm:4149/PID33617480,1 flea,ethanol 95%,unknown,1,1.0,,,,,,
KSB:Mamm:4149,Blarina hylophaga,Blarina,endoparasite,https://arctos.database.museum/guid/KSB:Mamm:4149/PID33617481,mass kill,ethanol 80%,unknown,1,,,,,,,
KSB:Mamm:4151,Sigmodon hispidus,Sigmodon,ectoparasite,https://arctos.database.museum/guid/KSB:Mamm:4151/PID33617496,mite eggs,ethanol 95%,unknown,1,,,,,,,
KSB:Mamm:4153,Peromyscus leucopus,Peromyscus,ectoparasite,https://arctos.database.museum/guid/KSB:Mamm:4153/PID33617511,"1 flea, 1 louse",ethanol 95%,unknown,1,1.0,,,1.0,,,
KSB:Mamm:4154,Peromyscus leucopus,Peromyscus,ectoparasite,https://arctos.database.museum/guid/KSB:Mamm:4154/PID33617519,"1 mite, mite eggs",ethanol 95%,unknown,1,,1.0,,,,,
KSB:Mamm:4155,Peromyscus leucopus,Peromyscus,ectoparasite,https://arctos.database.museum/guid/KSB:Mamm:4155/PID33617527,6 fleas,ethanol 95%,unknown,1,6.0,,,,,,
KSB:Mamm:4156,Peromyscus leucopus,Peromyscus,ectoparasite,https://arctos.database.museum/guid/KSB:Mamm:4156/PID33617535,1 tick,ethanol 95%,unknown,1,,,1.0,,,,
KSB:Mamm:4157,Peromyscus leucopus,Peromyscus,ectoparasite,https://arctos.database.museum/guid/KSB:Mamm:4157/PID33617543,"1 flea, mite egg",ethanol 95%,unknown,1,1.0,,,,,,
KSB:Mamm:4158,Peromyscus leucopus,Peromyscus,ectoparasite,https://arctos.database.museum/guid/KSB:Mamm:4158/PID33617551,"3 fleas, 4 mites",ethanol 95%,unknown,1,3.0,4.0,,,,,
KSB:Mamm:4159,Peromyscus leucopus,Peromyscus,ectoparasite,https://arctos.database.museum/guid/KSB:Mamm:4159/PID33617559,"2 fleas, 2 mites",ethanol 95%,unknown,1,2.0,2.0,,,,,
KSB:Mamm:4163,Peromyscus leucopus,Peromyscus,ectoparasite,https://arctos.database.museum/guid/KSB:Mamm:4163/PID33617589,3 fleas,ethanol 95%,unknown,1,3.0,,,,,,
KSB:Mamm:4165,Peromyscus leucopus,Peromyscus,ectoparasite,https://arctos.database.museum/guid/KSB:Mamm:4165/PID33617604,"3 fleas, 3 flea larvae?",ethanol 95%,unknown,1,3.0,,,,,,
KSB:Mamm:4166,Peromyscus leucopus,Peromyscus,ectoparasite,https://arctos.database.museum/guid/KSB:Mamm:4166/PID33617612,"6 fleas, 7 mites",ethanol 95%,unknown,1,6.0,7.0,,,,,
KSB:Mamm:4167,Peromyscus leucopus,Peromyscus,ectoparasite,https://arctos.database.museum/guid/KSB:Mamm:4167/PID33617620,2 fleas,ethanol 95%,unknown,1,2.0,,,,,,
KSB:Mamm:4168,Peromyscus leucopus,Peromyscus,ectoparasite,https://arctos.database.museum/guid/KSB:Mamm:4168/PID33617628,"4 fleas, 2 mites",ethanol 95%,unknown,1,4.0,2.0,,,,,
KSB:Mamm:4169,Peromyscus leucopus,Peromyscus,ectoparasite,https://arctos.database.museum/guid/KSB:Mamm:4169/PID33617636,"1 flea, 4 mites",ethanol 95%,unknown,1,1.0,4.0,,,,,
KSB:Mamm:4170,Peromyscus leucopus,Peromyscus,ectoparasite,https://arctos.database.museum/guid/KSB:Mamm:4170/PID33617644,4 mites,ethanol 95%,unknown,1,,4.0,,,,,
KSB:Mamm:4171,Peromyscus leucopus,Peromyscus,ectoparasite,https://arctos.database.museum/guid/KSB:Mamm:4171/PID33617652,"1 flea, 1 mite",ethanol 95%,unknown,1,1.0,1.0,,,,,
KSB:Mamm:4172,Peromyscus leucopus,Peromyscus,ectoparasite,https://arctos.database.museum/guid/KSB:Mamm:4172/PID33617660,1 mite,ethanol 95%,unknown,1,,1.0,,,,,
KSB:Mamm:4173,Peromyscus leucopus,Peromyscus,ectoparasite,https://arctos.database.museum/guid/KSB:Mamm:4173/PID33617669,"5 fleas, 3 mites, 2 larvae",ethanol 95%,unknown,1,5.0,3.0,,,,,
KSB:Mamm:4175,Peromyscus leucopus,Peromyscus,ectoparasite,https://arctos.database.museum/guid/KSB:Mamm:4175/PID33617684,4 fleas,ethanol 95%,unknown,1,4.0,,,,,,
KSB:Mamm:4770,Sorex cinereus,Sorex,endoparasite,https://arctos.database.museum/guid/KSB:Mamm:4770/PID33702606,,,unknown,1,,,,,,,
KSB:Mamm:4780,Sorex cinereus,Sorex,endoparasite,https://arctos.database.museum/guid/KSB:Mamm:4780/PID33702619,,,unknown,1,,,,,,,
KSB:Mamm:4976,Blarina brevicauda,Blarina,endoparasite,https://arctos.database.museum/guid/KSB:Mamm:4976/PID33702596,,,unknown,1,,,,,,,
KSB:Mamm:5010,Sorex monticolus,Sorex,endoparasite,https://arctos.database.museum/guid/KSB:Mamm:5010/PID33702643,,,unknown,1,,,,,,,
KSB:Mamm:5011,Blarina brevicauda,Blarina,endoparasite,https://arctos.database.museum/guid/KSB:Mamm:5011/PID33702608,,,unknown,1,,,,,,,
KSB:Mamm:5012,Sorex cinereus,Sorex,endoparasite,https://arctos.database.museum/guid/KSB:Mamm:5012/PID33702597,,,unknown,1,,,,,,,
KSB:Mamm:5013,Sorex hoyi,Sorex,endoparasite,https://arctos.database.museum/guid/KSB:Mamm:5013/PID33702605,,,unknown,1,,,,,,,
KSB:Mamm:5015,Sorex cinereus,Sorex,endoparasite,https://arctos.database.museum/guid/KSB:Mamm:5015/PID33702595,,,unknown,1,,,,,,,
KSB:Mamm:5041,Sorex monticolus,Sorex,endoparasite,https://arctos.database.museum/guid/KSB:Mamm:5041/PID33702617,,,unknown,1,,,,,,,
KSB:Mamm:5042,Sorex cinereus,Sorex,endoparasite,https://arctos.database.museum/guid/KSB:Mamm:5042/PID33702618,,,unknown,1,,,,,,,
KSB:Mamm:5044,Sorex monticolus,Sorex,endoparasite,https://arctos.database.museum/guid/KSB:Mamm:5044/PID33702616,,,unknown,1,,,,,,,
KSB:Mamm:5054,Sorex cinereus,Sorex,endoparasite,https://arctos.database.museum/guid/KSB:Mamm:5054/PID33702620,,,unknown,1,,,,,,,
KSB:Mamm:5055,Sorex cinereus,Sorex,endoparasite,https://arctos.database.museum/guid/KSB:Mamm:5055/PID33702621,,,unknown,1,,,,,,,
KSB:Mamm:5056,Sorex arcticus,Sorex,endoparasite,https://arctos.database.museum/guid/KSB:Mamm:5056/PID33702622,,,unknown,1,,,,,,,
KSB:Mamm:5072,Sorex monticolus,Sorex,endoparasite,https://arctos.database.museum/guid/KSB:Mamm:5072/PID33702614,,,unknown,1,,,,,,,
KSB:Mamm:5079,Sorex monticolus,Sorex,endoparasite,https://arctos.database.museum/guid/KSB:Mamm:5079/PID33702609,,,unknown,1,,,,,,,
KSB:Mamm:5080,Sorex monticolus,Sorex,endoparasite,https://arctos.database.museum/guid/KSB:Mamm:5080/PID33702607,,,unknown,1,,,,,,,
KSB:Mamm:5081,Sorex cinereus,Sorex,endoparasite,https://arctos.database.museum/guid/KSB:Mamm:5081/PID33702611,,,unknown,1,,,,,,,
KSB:Mamm:5082,Sorex hoyi,Sorex,endoparasite,https://arctos.database.museum/guid/KSB:Mamm:5082/PID33702613,,,unknown,1,,,,,,,
KSB:Mamm:5083,Sorex hoyi,Sorex,endoparasite,https://arctos.database.museum/guid/KSB:Mamm:5083/PID33702610,,,unknown,1,,,,,,,
KSB:Mamm:5084,Sorex cinereus,Sorex,endoparasite,https://arctos.database.museum/guid/KSB:Mamm:5084/PID33702612,,,unknown,1,,,,,,,
KSB:Mamm:5085,Sorex monticolus,Sorex,endoparasite,https://arctos.database.museum/guid/KSB:Mamm:5085/PID33702615,,,unknown,1,,,,,,,
KSB:Mamm:5086,Sorex monticolus,Sorex,endoparasite,https://arctos.database.museum/guid/KSB:Mamm:5086/PID33702594,,,unknown,1,,,,,,,
KSB:Mamm:5153,Blarina brevicauda,Blarina,endoparasite,https://arctos.database.museum/guid/KSB:Mamm:5153/PID33702636,,,unknown,1,,,,,,,
KSB:Mamm:5164,Sorex hoyi,Sorex,endoparasite,https://arctos.database.museum/guid/KSB:Mamm:5164/PID33702633,,,unknown,1,,,,,,,
KSB:Mamm:5168,Sorex palustris,Sorex,endoparasite,https://arctos.database.museum/guid/KSB:Mamm:5168/PID33702635,,,unknown,1,,,,,,,
KSB:Mamm:5173,Sorex arcticus,Sorex,endoparasite,https://arctos.database.museum/guid/KSB:Mamm:5173/PID33702634,,,unknown,1,,,,,,,
KSB:Mamm:5174,Blarina brevicauda,Blarina,endoparasite,https://arctos.database.museum/guid/KSB:Mamm:5174/PID33702637,,,unknown,1,,,,,,,
KSB:Mamm:5182,Sorex cinereus,Sorex,endoparasite,https://arctos.database.museum/guid/KSB:Mamm:5182/PID33702639,,,unknown,1,,,,,,,
KSB:Mamm:5200,Sorex arcticus,Sorex,endoparasite,https://arctos.database.museum/guid/KSB:Mamm:5200/PID33702640,,,unknown,1,,,,,,,
KSB:Mamm:5204,Sorex haydeni,Sorex,endoparasite,https://arctos.database.museum/guid/KSB:Mamm:5204/PID33702638,,,unknown,1,,,,,,,
KSB:Mamm:5207,Sorex arcticus,Sorex,endoparasite,https://arctos.database.museum/guid/KSB:Mamm:5207/PID33702641,,,unknown,1,,,,,,,
KSB:Mamm:5212,Sorex arcticus,Sorex,endoparasite,https://arctos.database.museum/guid/KSB:Mamm:5212/PID33702646,,,unknown,1,,,,,,,
KSB:Mamm:5217,Blarina brevicauda,Blarina,endoparasite,https://arctos.database.museum/guid/KSB:Mamm:5217/PID33702630,,,unknown,1,,,,,,,
KSB:Mamm:5220,Sorex palustris,Sorex,endoparasite,https://arctos.database.museum/guid/KSB:Mamm:5220/PID33702623,,,unknown,1,,,,,,,
KSB:Mamm:5221,Sorex palustris,Sorex,endoparasite,https://arctos.database.museum/guid/KSB:Mamm:5221/PID33702625,,,unknown,1,,,,,,,
KSB:Mamm:5222,Sorex hoyi,Sorex,endoparasite,https://arctos.database.museum/guid/KSB:Mamm:5222/PID33702624,,,unknown,1,,,,,,,
KSB:Mamm:5223,Sorex cinereus,Sorex,endoparasite,https://arctos.database.museum/guid/KSB:Mamm:5223/PID33702626,,,unknown,1,,,,,,,
KSB:Mamm:5224,Sorex cinereus,Sorex,endoparasite,https://arctos.database.museum/guid/KSB:Mamm:5224/PID33702627,,,unknown,1,,,,,,,
KSB:Mamm:5225,Sorex palustris,Sorex,endoparasite,https://arctos.database.museum/guid/KSB:Mamm:5225/PID33702628,,,unknown,1,,,,,,,
KSB:Mamm:5226,Sorex monticolus,Sorex,endoparasite,https://arctos.database.museum/guid/KSB:Mamm:5226/PID33702629,,,unknown,1,,,,,,,
KSB:Mamm:5227,Blarina brevicauda,Blarina,endoparasite,https://arctos.database.museum/guid/KSB:Mamm:5227/PID33702631,,,unknown,1,,,,,,,
KSB:Mamm:5227,Blarina brevicauda,Blarina,endoparasite,https://arctos.database.museum/guid/KSB:Mamm:5227/PID33702632,,,unknown,1,,,,,,,
KSB:Mamm:5231,Sorex haydeni,Sorex,endoparasite,https://arctos.database.museum/guid/KSB:Mamm:5231/PID33702692,,,unknown,1,,,,,,,
KSB:Mamm:5238,Sorex hoyi,Sorex,endoparasite,https://arctos.database.museum/guid/KSB:Mamm:5238/PID33702645,,,unknown,1,,,,,,,
KSB:Mamm:5240,Sorex palustris,Sorex,endoparasite,https://arctos.database.museum/guid/KSB:Mamm:5240/PID33702642,,,unknown,1,,,,,,,
KSB:Mamm:5243,Blarina brevicauda,Blarina,endoparasite,https://arctos.database.museum/guid/KSB:Mamm:5243/PID33702644,,,unknown,1,,,,,,,
KSB:Mamm:5264,Sorex palustris,Sorex,endoparasite,https://arctos.database.museum/guid/KSB:Mamm:5264/PID33702647,,,unknown,1,,,,,,,
KSB:Mamm:5265,Sorex cinereus,Sorex,endoparasite,https://arctos.database.museum/guid/KSB:Mamm:5265/PID33702657,,,unknown,1,,,,,,,
KSB:Mamm:5272,Sorex hoyi,Sorex,endoparasite,https://arctos.database.museum/guid/KSB:Mamm:5272/PID33702656,,,unknown,1,,,,,,,
KSB:Mamm:5273,Sorex cinereus,Sorex,endoparasite,https://arctos.database.museum/guid/KSB:Mamm:5273/PID33702655,,,unknown,1,,,,,,,
KSB:Mamm:5274,Sorex cinereus,Sorex,endoparasite,https://arctos.database.museum/guid/KSB:Mamm:5274/PID33702654,,,unknown,1,,,,,,,
KSB:Mamm:5275,Sorex cinereus,Sorex,endoparasite,https://arctos.database.museum/guid/KSB:Mamm:5275/PID33702648,,,unknown,1,,,,,,,
KSB:Mamm:5276,Blarina brevicauda,Blarina,endoparasite,https://arctos.database.museum/guid/KSB:Mamm:5276/PID33702649,,,unknown,1,,,,,,,
KSB:Mamm:5277,Blarina brevicauda,Blarina,endoparasite,https://arctos.database.museum/guid/KSB:Mamm:5277/PID33702653,,,unknown,1,,,,,,,
KSB:Mamm:5278,Blarina brevicauda,Blarina,endoparasite,https://arctos.database.museum/guid/KSB:Mamm:5278/PID33702650,,,unknown,1,,,,,,,
KSB:Mamm:5285,Sorex cinereus,Sorex,endoparasite,https://arctos.database.museum/guid/KSB:Mamm:5285/PID33702652,,,unknown,1,,,,,,,
KSB:Mamm:5286,Sorex cinereus,Sorex,endoparasite,https://arctos.database.museum/guid/KSB:Mamm:5286/PID33702651,,,unknown,1,,,,,,,
KSB:Mamm:5300,Sorex cinereus,Sorex,endoparasite,https://arctos.database.museum/guid/KSB:Mamm:5300/PID33702671,,,unknown,1,,,,,,,
KSB:Mamm:5301,Sorex cinereus,Sorex,endoparasite,https://arctos.database.museum/guid/KSB:Mamm:5301/PID33702670,,,unknown,1,,,,,,,
KSB:Mamm:5302,Sorex cinereus,Sorex,endoparasite,https://arctos.database.museum/guid/KSB:Mamm:5302/PID33702669,,,unknown,1,,,,,,,
KSB:Mamm:5303,Sorex cinereus,Sorex,endoparasite,https://arctos.database.museum/guid/KSB:Mamm:5303/PID33702659,,,unknown,1,,,,,,,
KSB:Mamm:5304,Sorex cinereus,Sorex,endoparasite,https://arctos.database.museum/guid/KSB:Mamm:5304/PID33702662,,,unknown,1,,,,,,,
KSB:Mamm:5312,Sorex cinereus,Sorex,endoparasite,https://arctos.database.museum/guid/KSB:Mamm:5312/PID33702661,,,unknown,1,,,,,,,
KSB:Mamm:5313,Sorex hoyi,Sorex,endoparasite,https://arctos.database.museum/guid/KSB:Mamm:5313/PID33702666,,,unknown,1,,,,,,,
KSB:Mamm:5314,Sorex cinereus,Sorex,endoparasite,https://arctos.database.museum/guid/KSB:Mamm:5314/PID33702660,,,unknown,1,,,,,,,
KSB:Mamm:5315,Sorex cinereus,Sorex,endoparasite,https://arctos.database.museum/guid/KSB:Mamm:5315/PID33702663,,,unknown,1,,,,,,,
KSB:Mamm:5316,Sorex cinereus,Sorex,endoparasite,https://arctos.database.museum/guid/KSB:Mamm:5316/PID33702664,,,unknown,1,,,,,,,
KSB:Mamm:5319,Sorex cinereus,Sorex,endoparasite,https://arctos.database.museum/guid/KSB:Mamm:5319/PID33702667,,,unknown,1,,,,,,,
KSB:Mamm:5320,Sorex cinereus,Sorex,endoparasite,https://arctos.database.museum/guid/KSB:Mamm:5320/PID33702665,,,unknown,1,,,,,,,
KSB:Mamm:5321,Sorex cinereus,Sorex,endoparasite,https://arctos.database.museum/guid/KSB:Mamm:5321/PID33702668,,,unknown,1,,,,,,,
KSB:Mamm:5331,Sorex arcticus,Sorex,endoparasite,https://arctos.database.museum/guid/KSB:Mamm:5331/PID33702658,,,unknown,1,,,,,,,
KSB:Mamm:5332,Sorex cinereus,Sorex,endoparasite,https://arctos.database.museum/guid/KSB:Mamm:5332/PID33702694,,,unknown,1,,,,,,,
KSB:Mamm:5377,Sorex cinereus,Sorex,endoparasite,https://arctos.database.museum/guid/KSB:Mamm:5377/PID33702673,,,unknown,1,,,,,,,
KSB:Mamm:5378,Sorex cinereus,Sorex,endoparasite,https://arctos.database.museum/guid/KSB:Mamm:5378/PID33702674,,,unknown,1,,,,,,,
KSB:Mamm:5379,Sorex cinereus,Sorex,endoparasite,https://arctos.database.museum/guid/KSB:Mamm:5379/PID33702675,,,unknown,1,,,,,,,
KSB:Mamm:5380,Sorex cinereus,Sorex,endoparasite,https://arctos.database.museum/guid/KSB:Mamm:5380/PID33702676,,,unknown,1,,,,,,,
KSB:Mamm:5381,Sorex cinereus,Sorex,endoparasite,https://arctos.database.museum/guid/KSB:Mamm:5381/PID33702677,,,unknown,1,,,,,,,
KSB:Mamm:5382,Sorex cinereus,Sorex,endoparasite,https://arctos.database.museum/guid/KSB:Mamm:5382/PID33702679,,,unknown,1,,,,,,,
KSB:Mamm:5383,Sorex cinereus,Sorex,endoparasite,https://arctos.database.museum/guid/KSB:Mamm:5383/PID33702678,,,unknown,1,,,,,,,
KSB:Mamm:5384,Sorex cinereus,Sorex,endoparasite,https://arctos.database.museum/guid/KSB:Mamm:5384/PID33702680,,,unknown,1,,,,,,,
KSB:Mamm:5385,Sorex cinereus,Sorex,endoparasite,https://arctos.database.museum/guid/KSB:Mamm:5385/PID33702681,,,unknown,1,,,,,,,
KSB:Mamm:5386,Sorex cinereus,Sorex,endoparasite,https://arctos.database.museum/guid/KSB:Mamm:5386/PID33702672,,,unknown,1,,,,,,,
KSB:Mamm:5388,Sorex cinereus,Sorex,endoparasite,https://arctos.database.museum/guid/KSB:Mamm:5388/PID33702684,,,unknown,1,,,,,,,
KSB:Mamm:5389,Sorex cinereus,Sorex,endoparasite,https://arctos.database.museum/guid/KSB:Mamm:5389/PID33702682,,,unknown,1,,,,,,,
KSB:Mamm:5390,Sorex cinereus,Sorex,endoparasite,https://arctos.database.museum/guid/KSB:Mamm:5390/PID33702685,,,unknown,1,,,,,,,
KSB:Mamm:5391,Sorex cinereus,Sorex,endoparasite,https://arctos.database.museum/guid/KSB:Mamm:5391/PID33702683,,,unknown,1,,,,,,,
KSB:Mamm:5393,Sorex cinereus,Sorex,endoparasite,https://arctos.database.museum/guid/KSB:Mamm:5393/PID33702686,,,unknown,1,,,,,,,
KSB:Mamm:5416,Sorex cinereus,Sorex,endoparasite,https://arctos.database.museum/guid/KSB:Mamm:5416/PID33702695,,,unknown,1,,,,,,,
KSB:Mamm:5425,Sorex hoyi,Sorex,endoparasite,https://arctos.database.museum/guid/KSB:Mamm:5425/PID33702693,,,unknown,1,,,,,,,
KSB:Mamm:5627,Sorex cinereus,Sorex,endoparasite,https://arctos.database.museum/guid/KSB:Mamm:5627/PID33702599,,,unknown,1,,,,,,,
KSB:Mamm:5634,Sorex cinereus,Sorex,endoparasite,https://arctos.database.museum/guid/KSB:Mamm:5634/PID33702687,,,unknown,1,,,,,,,
KSB:Mamm:5635,Sorex arcticus,Sorex,endoparasite,https://arctos.database.museum/guid/KSB:Mamm:5635/PID33702689,,,unknown,1,,,,,,,
KSB:Mamm:5652,Sorex cinereus,Sorex,endoparasite,https://arctos.database.museum/guid/KSB:Mamm:5652/PID33702688,,,unknown,1,,,,,,,
KSB:Mamm:5657,Sorex arcticus,Sorex,endoparasite,https://arctos.database.museum/guid/KSB:Mamm:5657/PID33702690,,,unknown,1,,,,,,,
KSB:Mamm:5658,Sorex arcticus,Sorex,endoparasite,https://arctos.database.museum/guid/KSB:Mamm:5658/PID33702691,,,unknown,1,,,,,,,
KSB:Mamm:5718,Sorex arcticus,Sorex,endoparasite,https://arctos.database.museum/guid/KSB:Mamm:5718/PID33702598,,,unknown,1,,,,,,,
KSB:Mamm:5719,Sorex arcticus,Sorex,endoparasite,https://arctos.database.museum/guid/KSB:Mamm:5719/PID33702600,,,unknown,1,,,,,,,
KSB:Mamm:5720,Sorex arcticus,Sorex,endoparasite,https://arctos.database.museum/guid/KSB:Mamm:5720/PID33702601,,,unknown,1,,,,,,,
KSB:Mamm:5727,Sorex arcticus,Sorex,endoparasite,https://arctos.database.museum/guid/KSB:Mamm:5727/PID33702697,,,unknown,1,,,,,,,
KSB:Mamm:5765,Sorex hoyi,Sorex,endoparasite,https://arctos.database.museum/guid/KSB:Mamm:5765/PID33702602,,,unknown,1,,,,,,,
KSB:Mamm:5766,Sorex cinereus,Sorex,endoparasite,https://arctos.database.museum/guid/KSB:Mamm:5766/PID33702603,,,unknown,1,,,,,,,
KSB:Mamm:5768,Sorex cinereus,Sorex,endoparasite,https://arctos.database.museum/guid/KSB:Mamm:5768/PID33702604,,,unknown,1,,,,,,,
KSB:Mamm:5769,Sorex cinereus,Sorex,endoparasite,https://arctos.database.museum/guid/KSB:Mamm:5769/PID33702696,,,unknown,1,,,,,,,
KSB:Mamm:5770,Sorex hoyi,Sorex,endoparasite,https://arctos.database.museum/guid/KSB:Mamm:5770/PID33702698,,,unknown,1,,,,,,,
KSB:Mamm:5771,Blarina brevicauda,Blarina,endoparasite,https://arctos.database.museum/guid/KSB:Mamm:5771/PID33702699,,,unknown,1,,,,,,,
KSB:Mamm:5790,Sorex cinereus,Sorex,endoparasite,https://arctos.database.museum/guid/KSB:Mamm:5790/PID33702707,,,unknown,1,,,,,,,
KSB:Mamm:5790,Sorex cinereus,Sorex,endoparasite,https://arctos.database.museum/guid/KSB:Mamm:5790/PID33702708,,,unknown,1,,,,,,,
KSB:Mamm:5790,Sorex cinereus,Sorex,endoparasite,https://arctos.database.museum/guid/KSB:Mamm:5790/PID33702709,,,unknown,1,,,,,,,
KSB:Mamm:5791,Sorex cinereus,Sorex,endoparasite,https://arctos.database.museum/guid/KSB:Mamm:5791/PID33702705,,,unknown,1,,,,,,,
KSB:Mamm:5791,Sorex cinereus,Sorex,endoparasite,https://arctos.database.museum/guid/KSB:Mamm:5791/PID33702706,,,unknown,1,,,,,,,
KSB:Mamm:5792,Sorex hoyi,Sorex,endoparasite,https://arctos.database.museum/guid/KSB:Mamm:5792/PID33702704,,,unknown,1,,,,,,,
KSB:Mamm:5794,Sorex cinereus,Sorex,endoparasite,https://arctos.database.museum/guid/KSB:Mamm:5794/PID33702701,,,unknown,1,,,,,,,
KSB:Mamm:5795,Sorex cinereus,Sorex,endoparasite,https://arctos.database.museum/guid/KSB:Mamm:5795/PID33702700,,,unknown,1,,,,,,,
KSB:Mamm:5800,Sorex cinereus,Sorex,endoparasite,https://arctos.database.museum/guid/KSB:Mamm:5800/PID33702703,,,unknown,1,,,,,,,
KSB:Mamm:5839,Sorex cinereus,Sorex,endoparasite,https://arctos.database.museum/guid/KSB:Mamm:5839/PID33702727,,,unknown,1,,,,,,,
KSB:Mamm:5844,Sorex cinereus,Sorex,endoparasite,https://arctos.database.museum/guid/KSB:Mamm:5844/PID33702728,,,unknown,1,,,,,,,
KSB:Mamm:5847,Sorex arcticus,Sorex,endoparasite,https://arctos.database.museum/guid/KSB:Mamm:5847/PID33702731,,,unknown,1,,,,,,,
KSB:Mamm:5848,Sorex arcticus,Sorex,endoparasite,https://arctos.database.museum/guid/KSB:Mamm:5848/PID33702729,,,unknown,1,,,,,,,
KSB:Mamm:5849,Sorex cinereus,Sorex,endoparasite,https://arctos.database.museum/guid/KSB:Mamm:5849/PID33702730,,,unknown,1,,,,,,,
KSB:Mamm:5850,Sorex cinereus,Sorex,endoparasite,https://arctos.database.museum/guid/KSB:Mamm:5850/PID33702732,,,unknown,1,,,,,,,
KSB:Mamm:5851,Sorex haydeni,Sorex,endoparasite,https://arctos.database.museum/guid/KSB:Mamm:5851/PID33702733,,,unknown,1,,,,,,,
KSB:Mamm:5852,Sorex cinereus,Sorex,endoparasite,https://arctos.database.museum/guid/KSB:Mamm:5852/PID33702734,,,unknown,1,,,,,,,
KSB:Mamm:5854,Sorex arcticus,Sorex,endoparasite,https://arctos.database.museum/guid/KSB:Mamm:5854/PID33702735,,,unknown,1,,,,,,,
KSB:Mamm:5855,Sorex arcticus,Sorex,endoparasite,https://arctos.database.museum/guid/KSB:Mamm:5855/PID33702736,,,unknown,1,,,,,,,
KSB:Mamm:5869,Sorex arcticus,Sorex,endoparasite,https://arctos.database.museum/guid/KSB:Mamm:5869/PID33702737,,,unknown,1,,,,,,,
KSB:Mamm:5870,Sorex cinereus,Sorex,endoparasite,https://arctos.database.museum/guid/KSB:Mamm:5870/PID33702740,,,unknown,1,,,,,,,
KSB:Mamm:5871,Sorex haydeni,Sorex,endoparasite,https://arctos.database.museum/guid/KSB:Mamm:5871/PID33702739,,,unknown,1,,,,,,,
KSB:Mamm:5874,Sorex hoyi,Sorex,endoparasite,https://arctos.database.museum/guid/KSB:Mamm:5874/PID33702738,,,unknown,1,,,,,,,
KSB:Mamm:5875,Sorex cinereus,Sorex,endoparasite,https://arctos.database.museum/guid/KSB:Mamm:5875/PID33702741,,,unknown,1,,,,,,,
KSB:Mamm:5883,Sorex cinereus,Sorex,endoparasite,https://arctos.database.museum/guid/KSB:Mamm:5883/PID33702711,,,unknown,1,,,,,,,
KSB:Mamm:5886,Sorex cinereus,Sorex,endoparasite,https://arctos.database.museum/guid/KSB:Mamm:5886/PID33702710,,,unknown,1,,,,,,,
KSB:Mamm:5887,Sorex arcticus,Sorex,endoparasite,https://arctos.database.museum/guid/KSB:Mamm:5887/PID33702712,,,unknown,1,,,,,,,
KSB:Mamm:5888,Sorex cinereus,Sorex,endoparasite,https://arctos.database.museum/guid/KSB:Mamm:5888/PID33702713,,,unknown,1,,,,,,,
KSB:Mamm:5889,Sorex cinereus,Sorex,endoparasite,https://arctos.database.museum/guid/KSB:Mamm:5889/PID33702714,,,unknown,1,,,,,,,
KSB:Mamm:5896,Sorex cinereus,Sorex,endoparasite,https://arctos.database.museum/guid/KSB:Mamm:5896/PID33702715,,,unknown,1,,,,,,,
KSB:Mamm:5897,Sorex arcticus,Sorex,endoparasite,https://arctos.database.museum/guid/KSB:Mamm:5897/PID33702716,,,unknown,1,,,,,,,
KSB:Mamm:5898,Sorex arcticus,Sorex,endoparasite,https://arctos.database.museum/guid/KSB:Mamm:5898/PID33702719,,,unknown,1,,,,,,,
KSB:Mamm:5901,Sorex cinereus,Sorex,endoparasite,https://arctos.database.museum/guid/KSB:Mamm:5901/PID33702717,,,unknown,1,,,,,,,
KSB:Mamm:5902,Sorex cinereus,Sorex,endoparasite,https://arctos.database.museum/guid/KSB:Mamm:5902/PID33702718,,,unknown,1,,,,,,,
KSB:Mamm:5903,Sorex haydeni,Sorex,endoparasite,https://arctos.database.museum/guid/KSB:Mamm:5903/PID33702722,,,unknown,1,,,,,,,
KSB:Mamm:5904,Sorex cinereus,Sorex,endoparasite,https://arctos.database.museum/guid/KSB:Mamm:5904/PID33702726,,,unknown,1,,,,,,,
KSB:Mamm:5905,Sorex arcticus,Sorex,endoparasite,https://arctos.database.museum/guid/KSB:Mamm:5905/PID33702725,,,unknown,1,,,,,,,
KSB:Mamm:5906,Sorex haydeni,Sorex,endoparasite,https://arctos.database.museum/guid/KSB:Mamm:5906/PID33702721,,,unknown,1,,,,,,,
KSB:Mamm:5910,Sorex cinereus,Sorex,endoparasite,https://arctos.database.museum/guid/KSB:Mamm:5910/PID33702720,,,unknown,1,,,,,,,
KSB:Mamm:5911,Sorex cinereus,Sorex,endoparasite,https://arctos.database.museum/guid/KSB:Mamm:5911/PID33702723,,,unknown,1,,,,,,,
KSB:Mamm:5912,Sorex cinereus,Sorex,endoparasite,https://arctos.database.museum/guid/KSB:Mamm:5912/PID33702724,,,unknown,1,,,,,,,
KSB:Mamm:6119,Sorex cinereus,Sorex,endoparasite,https://arctos.database.museum/guid/KSB:Mamm:6119/PID33702702,,,unknown,1,,,,,,,
KSB:Mamm:7746,Sorex cinereus,Sorex,endoparasite,https://arctos.database.museum/guid/KSB:Mamm:7746/PID33702878,,,unknown,1,,,,,,,
KSB:Mamm:7748,Peromyscus leucopus,Peromyscus,ectoparasite,https://arctos.database.museum/guid/KSB:Mamm:7748/PID34032881,2 fleas,ethanol 95%,unknown,1,2.0,,,,,,
KSB:Mamm:7749,Peromyscus leucopus,Peromyscus,ectoparasite,https://arctos.database.museum/guid/KSB:Mamm:7749/PID34032890,3 fleas,ethanol 95%,unknown,1,3.0,,,,,,
KSB:Mamm:7750,Peromyscus leucopus,Peromyscus,ectoparasite,https://arctos.database.museum/guid/KSB:Mamm:7750/PID34032899,3 fleas,ethanol 95%,unknown,1,3.0,,,,,,
KSB:Mamm:7751,Peromyscus leucopus,Peromyscus,ectoparasite,https://arctos.database.museum/guid/KSB:Mamm:7751/PID34032908,2 fleas,ethanol 95%,unknown,1,2.0,,,,,,
KSB:Mamm:7752,Peromyscus leucopus,Peromyscus,ectoparasite,https://arctos.database.museum/guid/KSB:Mamm:7752/PID34032917,1 flea,ethanol 95%,unknown,1,1.0,,,,,,
KSB:Mamm:7753,Peromyscus leucopus,Peromyscus,ectoparasite,https://arctos.database.museum/guid/KSB:Mamm:7753/PID34032926,3 fleas,ethanol 95%,unknown,1,3.0,,,,,,
KSB:Mamm:7753,Peromyscus leucopus,Peromyscus,ectoparasite,https://arctos.database.museum/guid/KSB:Mamm:7753/PID34032927,1 tick,ethanol 95%,unknown,1,,,1.0,,,,
KSB:Mamm:7755,Peromyscus leucopus,Peromyscus,ectoparasite,https://arctos.database.museum/guid/KSB:Mamm:7755/PID34032944,2 fleas,ethanol 95%,unknown,1,2.0,,,,,,
KSB:Mamm:7756,Peromyscus leucopus,Peromyscus,ectoparasite,https://arctos.database.museum/guid/KSB:Mamm:7756/PID34032953,3 fleas,ethanol 95%,unknown,1,3.0,,,,,,
KSB:Mamm:7757,Peromyscus leucopus,Peromyscus,ectoparasite,https://arctos.database.museum/guid/KSB:Mamm:7757/PID34032962,4 fleas,ethanol 95%,unknown,1,4.0,,,,,,
KSB:Mamm:7758,Peromyscus leucopus,Peromyscus,ectoparasite,https://arctos.database.museum/guid/KSB:Mamm:7758/PID34032971,3 fleas,ethanol 95%,unknown,1,3.0,,,,,,
KSB:Mamm:7761,Peromyscus leucopus,Peromyscus,ectoparasite,https://arctos.database.museum/guid/KSB:Mamm:7761/PID34032996,2 ticks,ethanol 95%,unknown,1,,,2.0,,,,
KSB:Mamm:7766,Peromyscus leucopus,Peromyscus,ectoparasite,https://arctos.database.museum/guid/KSB:Mamm:7766/PID34033037,1 flea,ethanol 95%,unknown,1,1.0,,,,,,
KSB:Mamm:7767,Peromyscus leucopus,Peromyscus,ectoparasite,https://arctos.database.museum/guid/KSB:Mamm:7767/PID34033046,1 flea,ethanol 95%,unknown,1,1.0,,,,,,
KSB:Mamm:7769,Peromyscus leucopus,Peromyscus,ectoparasite,https://arctos.database.museum/guid/KSB:Mamm:7769/PID34033063,1 flea,ethanol 95%,unknown,1,1.0,,,,,,
KSB:Mamm:7770,Peromyscus leucopus,Peromyscus,ectoparasite,https://arctos.database.museum/guid/KSB:Mamm:7770/PID34033072,2 ticks,ethanol 95%,unknown,1,,,2.0,,,,
KSB:Mamm:7773,Peromyscus leucopus,Peromyscus,ectoparasite,https://arctos.database.museum/guid/KSB:Mamm:7773/PID34033097,5 fleas,ethanol 95%,unknown,1,5.0,,,,,,
KSB:Mamm:7775,Neotoma floridana,Neotoma,ectoparasite,https://arctos.database.museum/guid/KSB:Mamm:7775/PID34033114,many mites,ethanol 95%,unknown,1,,,,,,,
